cohort	tcr_id	epitope	cdr3a	va	ja	cdr3b	vb	jb
airr_top	airr_top_0	rank00	CAVMDSNYQLIW	TRAV1-2	TRAJ33	CASTGLAGGINEQFF	TRBV12-4	TRBJ2-1
airr_top	airr_top_1	rank00	CAVRDSNYQLIW	TRAV1-2	TRAJ33	CASRGPSTDTQYF	TRBV9	TRBJ2-3
airr_top	airr_top_2	rank00	CAYRSANFNKFYF	TRAV38-2/DV8	TRAJ21	CASSLRWGLGEQYF	TRBV28	TRBJ2-7
airr_top	airr_top_3	rank00	CAVLDSNYQLIW	TRAV1-2	TRAJ33	CASSQGAGLMDEQYF	TRBV4-3	TRBJ2-7
airr_top	airr_top_4	rank00	CAVLCSGNTGKLIF	TRAV21	TRAJ37	CASSRTGSDGYTF	TRBV18	TRBJ1-2
airr_top	airr_top_5	rank00	CAVPGPDTGTYKYIF	TRAV12-2	TRAJ40	CASSPLGPQSGYNEQFF	TRBV6-5	TRBJ2-1
airr_top	airr_top_6	rank00	CAVKDSNYQLIW	TRAV1-2	TRAJ33	CASSPRGDTEAFF	TRBV10-1	TRBJ1-1
airr_top	airr_top_7	rank00	SYTSGGYNKLIF	TRAV13-2	TRAJ4	CASSYSRWNRVGLNTEAFF	TRBV6-6	TRBJ1-1
airr_top	airr_top_8	rank00	CADGSGNTGKLIF	TRAV27	TRAJ37	CASSLSLAGEGTQYF	TRBV7-2	TRBJ2-5
airr_top	airr_top_9	rank00	CAVMDSSYKLIF	TRAV1-2	TRAJ12	CASSDGGGADTQYF	TRBV10-1	TRBJ2-3
airr_top	airr_top_10	rank00	CVVSDRGSTLGRLYF	TRAV10	TRAJ18	CSVEDRTGLQTQYF	TRBV29-1	TRBJ2-5
airr_top	airr_top_11	rank00	CVVRFDRGSTLGRLYF	TRAV12-1	TRAJ18	CASTRGETYEQYF	TRBV2	TRBJ2-7
airr_top	airr_top_12	rank00	CLVGDNSNYQLIW	TRAV4	TRAJ33	CASSVARQANYGYTF	TRBV9	TRBJ1-2
airr_top	airr_top_13	rank00	CALRDNYGQNFVF	TRAV9-2	TRAJ26	CASSLAGAAKNIQYF	TRBV7-2	TRBJ2-4
airr_top	airr_top_14	rank00	CAAMDSNYQLIW	TRAV1-2	TRAJ33	CASSYSDSIYGYTF	TRBV10-2	TRBJ1-2
airr_top	airr_top_15	rank00	CAVRDGDYKLSF	TRAV1-2	TRAJ20	CASSQDGVAGGETQYF	TRBV4-3	TRBJ2-5
airr_top	airr_top_16	rank00	CAVVDSNYQLIW	TRAV1-2	TRAJ33	CASSQGLGRGYGYTF	TRBV3-1	TRBJ1-2
airr_top	airr_top_17	rank00	CAVTDSNYQLIW	TRAV1-2	TRAJ33	CASSLTSTDTQYF	TRBV7-3	TRBJ2-3
airr_top	airr_top_18	rank00	CAALDSNYQLIW	TRAV1-2	TRAJ33	CASSARWGGRPGNTIYF	TRBV4-3	TRBJ1-3
airr_top	airr_top_19	rank00	CAVSDSNYQLIW	TRAV1-2	TRAJ33	CASSPTLGEQFF	TRBV18	TRBJ2-1
airr_top	airr_top_20	rank00	CALSEKMDNTGKLIF	TRAV9-2	TRAJ37	CATSSLTRDTEAFF	TRBV15	TRBJ1-1
airr_top	airr_top_21	rank00	CAGYYGQNFVF	TRAV20	TRAJ26	CASSYEVGETQYF	TRBV6-3	TRBJ2-5
airr_top	airr_top_22	rank00	CAVIDSNYQLIW	TRAV1-2	TRAJ33	CASSSILDRSKNIQYF	TRBV27	TRBJ2-4
airr_top	airr_top_23	rank00	CLVGPNTGGFKTIF	TRAV4	TRAJ9	CASSPYTGTGYGYTF	TRBV6-5	TRBJ1-2
airr_top	airr_top_24	rank00	CAVLMDSNYQLIW	TRAV21	TRAJ33	CASSVARQGGGEQFF	TRBV9	TRBJ2-1
airr_top	airr_top_25	rank00	CLANQAGTALIF	TRAV4	TRAJ15	CATSRYSGEEQFF	TRBV15	TRBJ2-1
airr_top	airr_top_26	rank00	CAPMDSNYQLIW	TRAV1-2	TRAJ33	CASSQETQYF	TRBV3-1	TRBJ2-5
airr_top	airr_top_27	rank00	CAVGDSNYQLIW	TRAV1-2	TRAJ33	CASSILAGGVNEQFF	TRBV4-2	TRBJ2-1
airr_top	airr_top_28	rank00	CASMDSNYQLIW	TRAV1-2	TRAJ33	CSADPGTGLDGYTF	TRBV20-1	TRBJ1-2
airr_top	airr_top_29	rank00	CALDLGFGNVLHC	TRAV6	TRAJ35	CASSPAGDPRETQYF	TRBV4-1	TRBJ2-5
airr_top	airr_top_30	rank00	CAGREDSGTYKYIF	TRAV35	TRAJ40	CASSPGTQEGLDEQFF	TRBV12-4	TRBJ2-1
airr_top	airr_top_31	rank00	CVVSAWSNYQLIW	TRAV10	TRAJ33	CASRTTSGGLDEQFF	TRBV9	TRBJ2-1
airr_top	airr_top_32	rank00	CAARLSGGYNKLIF	TRAV13-1	TRAJ4	CSVEVWDSNYNEQFF	TRBV29-1	TRBJ2-1
airr_top	airr_top_33	rank00	CAVRYLLDSSYKLIF	TRAV20	TRAJ12	CASSFQETQYF	TRBV12-4	TRBJ2-5
airr_top	airr_top_34	rank00	CLVDRDDKIIF	TRAV4	TRAJ30	CASSFMAVGGEQYF	TRBV12-4	TRBJ2-7
airr_top	airr_top_35	rank00	CGTEQTDSWGKLQF	TRAV30	TRAJ24	CASSFMGGVKETQYF	TRBV12-4	TRBJ2-5
airr_top	airr_top_36	rank00	CAVRDRSGNAGNMLTF	TRAV1-2	TRAJ39	CAIRGGRSNEQYF	TRBV10-3	TRBJ2-7
airr_top	airr_top_37	rank00	CAVSPTSGTYKYIF	TRAV3	TRAJ40	CAIEAPPGDTQYF	TRBV10-2	TRBJ2-3
airr_top	airr_top_38	rank00	CAVTLSGGSYIPTF	TRAV12-2	TRAJ6	CASSLGETQYF	TRBV12-4	TRBJ2-5
airr_top	airr_top_39	rank00	CWDTNAGKSTF	TRAV20	TRAJ27	CASSLDRYEQYF	TRBV7-9	TRBJ2-7
airr_top	airr_top_40	rank00	CAFSYNNNDMRF	TRAV38-1	TRAJ43	CATSDLGSNNEQFF	TRBV24-1	TRBJ2-1
airr_top	airr_top_41	rank00	CAVTGGDYKLSF	TRAV1-2	TRAJ20	CASSFGTVGTDTQYF	TRBV12-4	TRBJ2-3
airr_top	airr_top_42	rank00	CAFVFTGNQFYF	TRAV38-1	TRAJ49	CASSQAWTSRDGELFF	TRBV3-1	TRBJ2-2
airr_top	airr_top_43	rank00	CAVQDSNYQLIW	TRAV1-2	TRAJ33	CASRQETATTDTQYF	TRBV4-3	TRBJ2-3
airr_top	airr_top_44	rank00	CLVGDGGRGSTLGRLYF	TRAV4	TRAJ18	CSARDYVRSYGYTF	TRBV20-1	TRBJ1-2
airr_top	airr_top_45	rank00	CAYGGGAQKLVF	TRAV38-2/DV8	TRAJ54	CASSGYPGGSTDTQYF	TRBV5-5	TRBJ2-3
airr_top	airr_top_46	rank00	CLVTTGGSSYKLIF	TRAV4	TRAJ12	CASSQDDSGLEQYF	TRBV4-3	TRBJ2-7
airr_top	airr_top_47	rank00	CAGMDSNYQLIW	TRAV1-2	TRAJ33	CASSQQRTGPHYEQYF	TRBV3-1	TRBJ2-7
airr_top	airr_top_48	rank00	CAENMTPGGSYIPTF	TRAV13-2	TRAJ6	CASSQGGGTATEAFF	TRBV14	TRBJ1-1
airr_top	airr_top_49	rank00	CASTNTGNQFYF	TRAV38-2/DV8	TRAJ49	CASSYSGADEQYF	TRBV6-5	TRBJ2-7
airr_top	airr_top_50	rank01	CAVRDRDYKLSF	TRAV1-2	TRAJ20	CASSHPSETQYF	TRBV6-5	TRBJ2-5
airr_top	airr_top_51	rank01	CAYRFVGNQFYF	TRAV38-2/DV8	TRAJ49	CASSLERDHAIYGYTF	TRBV3-1	TRBJ1-2
airr_top	airr_top_52	rank01	CAGLDSNYQLIW	TRAV1-2	TRAJ33	CASSQEQTDANTEAFF	TRBV4-1	TRBJ1-1
airr_top	airr_top_53	rank01	CAVNDDYKLSF	TRAV12-2	TRAJ20	CASSLTGLAGRDEQYF	TRBV7-9	TRBJ2-7
airr_top	airr_top_54	rank01	CAMRPPYNFNKFYF	TRAV14/DV4	TRAJ21	CSASGTREPFF	TRBV20-1	TRBJ1-1
airr_top	airr_top_55	rank01	CAVELRNNDMRF	TRAV36/DV7	TRAJ43	CASSLEGQASSYEQYF	TRBV5-1	TRBJ2-7
airr_top	airr_top_56	rank01	CAASPQAGTALIF	TRAV13-1	TRAJ15	CASSLGDNYGYTF	TRBV7-2	TRBJ1-2
airr_top	airr_top_57	rank01	CAGADSGGYQKVTF	TRAV27	TRAJ13	CASSQDLGSGANVLTF	TRBV4-3	TRBJ2-6
airr_top	airr_top_58	rank01	CVVSAKYKLSF	TRAV10	TRAJ20	CASSPEGDQPQHF	TRBV5-1	TRBJ1-5
airr_top	airr_top_59	rank01	CAASSLSAGGTSYGKLTF	TRAV13-1	TRAJ52	CASSQEGSGSVEKLFF	TRBV4-3	TRBJ1-4
airr_top	airr_top_60	rank01	CALAQYDYKLSF	TRAV6	TRAJ20	CASSPTVSDTQYF	TRBV18	TRBJ2-3
airr_top	airr_top_61	rank01	CAVNQAGTALIF	TRAV21	TRAJ15	CSARGSYNEQFF	TRBV20-1	TRBJ2-1
airr_top	airr_top_62	rank01	CAVRGIMDSSYKLIF	TRAV20	TRAJ12	CSVEVTSPTSRGNEQFF	TRBV29-1	TRBJ2-1
airr_top	airr_top_63	rank01	CAEHRDKIIF	TRAV5	TRAJ30	CASTVRSAQETQYF	TRBV19	TRBJ2-5
airr_top	airr_top_64	rank01	CAFMDSNYQLIW	TRAV1-2	TRAJ33	CASSLDVSWLSSYNEQFF	TRBV5-6	TRBJ2-1
airr_top	airr_top_65	rank01	CAVRRSGGSYIPTF	TRAV21	TRAJ6	CASSPLDRGNIQYF	TRBV12-4	TRBJ2-4
airr_top	airr_top_66	rank01	CAVRDTGGFKTIF	TRAV21	TRAJ9	CASPPANEQFF	TRBV2	TRBJ2-1
airr_top	airr_top_67	rank01	CAAGEGGTYKYIF	TRAV13-1	TRAJ40	CASSGGLVPDNEQFF	TRBV6-6	TRBJ2-1
airr_top	airr_top_68	rank01	CAVPYLPGTASKLTF	TRAV20	TRAJ44	CASGLSALAETQYF	TRBV12-5	TRBJ2-5
airr_top	airr_top_69	rank01	CAVRGAGTALIF	TRAV21	TRAJ15	CAISAGGGGLDEQYF	TRBV10-3	TRBJ2-7
airr_top	airr_top_70	rank01	SSRGGGADGLTF	TRAV23/DV6	TRAJ45	CAIQGGTSYEQYF	TRBV10-3	TRBJ2-7
airr_top	airr_top_71	rank01	CAVNSGGYQKVTF	TRAV2	TRAJ13	CASSPQGGSSYNEQFF	TRBV5-5	TRBJ2-1
airr_top	airr_top_72	rank01	CAESIYARLMF	TRAV5	TRAJ31	CASSGQPFRGAKNIQYF	TRBV13	TRBJ2-4
airr_top	airr_top_73	rank01	CVVSADSNYQLIW	TRAV10	TRAJ33	CASSPRSGKPEDTEAFF	TRBV3-1	TRBJ1-1
airr_top	airr_top_74	rank01	CAARGPGGYNKLIF	TRAV13-1	TRAJ4	CASSLGGAGDTQYF	TRBV12-4	TRBJ2-3
airr_top	airr_top_75	rank01	CAENSGGSNYKLTF	TRAV13-2	TRAJ53	CASSGSNSEQFF	TRBV9	TRBJ2-1
airr_top	airr_top_76	rank01	CAVEDSNYQLIW	TRAV1-2	TRAJ33	CAISESPRLAGERGQFF	TRBV10-3	TRBJ2-1
airr_top	airr_top_77	rank01	CAMSVAGNQFYF	TRAV12-3	TRAJ49	CASSSVNEQYF	TRBV12-4	TRBJ2-7
airr_top	airr_top_78	rank01	CALRPTYNNNDMRF	TRAV19	TRAJ43	CASTTLDREETQYF	TRBV12-4	TRBJ2-5
airr_top	airr_top_79	rank01	CAVGSGGSYIPTF	TRAV21	TRAJ6	CASSLIGVSSYNEQYF	TRBV7-9	TRBJ2-7
airr_top	airr_top_80	rank01	CAGPLAGAGSYQLTF	TRAV35	TRAJ28	CASRPDNHNSPLHF	TRBV7-8	TRBJ1-6
airr_top	airr_top_81	rank01	CAAGTGRRALTF	TRAV13-1	TRAJ5	CASSSGSSYNEQFF	TRBV7-9	TRBJ2-1
airr_top	airr_top_82	rank01	CLVARSGGSYIPTF	TRAV4	TRAJ6	CASRGATDNEQFF	TRBV3-1	TRBJ2-1
airr_top	airr_top_83	rank01	CACMDSNYQLIW	TRAV1-2	TRAJ33	CAISLGRAEGFEAFF	TRBV10-3	TRBJ1-1
airr_top	airr_top_84	rank01	CAGEETNAGKSTF	TRAV27	TRAJ27	CASSLGYEQYF	TRBV7-2	TRBJ2-7
airr_top	airr_top_85	rank01	CAGKTGTASKLTF	TRAV25	TRAJ44	CASSLDSGRAQDEQFF	TRBV11-2	TRBJ2-1
airr_top	airr_top_86	rank01	CAVQPVDGGFKTIF	TRAV20	TRAJ9	CASSQDSPGREKLFF	TRBV4-3	TRBJ1-4
airr_top	airr_top_87	rank01	CAGLSTLGRLYF	TRAV27	TRAJ18	CASSSLDARTEAFF	TRBV13	TRBJ1-1
airr_top	airr_top_88	rank01	CAASDSNYQLIW	TRAV1-2	TRAJ33	CASSPSREWEMNGDIQYF	TRBV4-1	TRBJ2-4
airr_top	airr_top_89	rank01	CARGGSGNTGKLIF	TRAV6	TRAJ37	CASSIDLLAGSWNEQFF	TRBV19	TRBJ2-1
airr_top	airr_top_90	rank01	CAASPAGGGNKLTF	TRAV13-1	TRAJ10	CASSLNDGTEAFF	TRBV5-4	TRBJ1-1
airr_top	airr_top_91	rank01	CATMDSNYQLIW	TRAV1-2	TRAJ33	CASKQRGYTF	TRBV19	TRBJ1-2
airr_top	airr_top_92	rank01	CAVGAGGTSYGKLTF	TRAV36/DV7	TRAJ52	CASSFSTDTQYF	TRBV12-4	TRBJ2-3
airr_top	airr_top_93	rank01	CAYRSSSNYQLIW	TRAV38-2/DV8	TRAJ33	CASIPGSSYNSPLHF	TRBV7-8	TRBJ1-6
airr_top	airr_top_94	rank01	CILRDVYGGSGTYKYIF	TRAV26-2	TRAJ40	CASSFQTGASYGYTF	TRBV6-5	TRBJ1-2
airr_top	airr_top_95	rank01	CAMSALRVTGNQFYF	TRAV12-3	TRAJ49	CASSEGSRQPGEQYF	TRBV6-1	TRBJ2-7
airr_top	airr_top_96	rank01	CLVGDGASGGSYIPTF	TRAV4	TRAJ6	CAIRDPSGTGELFF	TRBV10-3	TRBJ2-2
airr_top	airr_top_97	rank01	CAASGDSSYKLIF	TRAV23/DV6	TRAJ12	CASSLGQNNEQFF	TRBV12-4	TRBJ2-1
airr_top	airr_top_98	rank01	CAYKYDKIIF	TRAV38-2/DV8	TRAJ30	CASSQVAGEADTQYF	TRBV4-1	TRBJ2-3
airr_top	airr_top_99	rank01	CAYRLNYGGSQGNLIF	TRAV38-2/DV8	TRAJ42	CASSKVGMGWGAFNTEAFF	TRBV21-1	TRBJ1-1
airr_top	airr_top_100	rank02	CAAYNQAGTALIF	TRAV1-2	TRAJ15	CASSDGTEDTQYF	TRBV2	TRBJ2-3
airr_top	airr_top_101	rank02	CAASGGGGADGLTF	TRAV29/DV5	TRAJ45	CAWNPRGYETDTQYF	TRBV30	TRBJ2-3
airr_top	airr_top_102	rank02	CAVERHQGGKLIF	TRAV36/DV7	TRAJ23	CASSESGQGYEQYF	TRBV10-2	TRBJ2-7
airr_top	airr_top_103	rank02	CAVNTGGFKTIF	TRAV21	TRAJ9	CASRDWTTYNEQFF	TRBV2	TRBJ2-1
airr_top	airr_top_104	rank02	CAVNDYKLSF	TRAV12-2	TRAJ20	CASSQEEGRVEGYTF	TRBV4-3	TRBJ1-2
airr_top	airr_top_105	rank02	CAASGNAGNMLTF	TRAV29/DV5	TRAJ39	CASCYVYYNEQFF	TRBV2	TRBJ2-1
airr_top	airr_top_106	rank02	CAYRKAGNMLTF	TRAV38-2/DV8	TRAJ39	CSSRVHDRGNEQYF	TRBV20-1	TRBJ2-7
airr_top	airr_top_107	rank02	CALGNQGGKLIF	TRAV24	TRAJ23	CASSPSTDTQYF	TRBV7-2	TRBJ2-3
airr_top	airr_top_108	rank02	CAPLCGSSNTGKLIF	TRAV16	TRAJ37	CASSLVLAGQETQYF	TRBV5-4	TRBJ2-5
airr_top	airr_top_109	rank02	CAASEEFSGGYNKLIF	TRAV29/DV5	TRAJ4	CASSVGHSANEQFF	TRBV6-1	TRBJ2-1
airr_top	airr_top_110	rank02	CASLDSNYQLIW	TRAV1-2	TRAJ33	CASSDGRPTQNIQYF	TRBV6-1	TRBJ2-4
airr_top	airr_top_111	rank02	CAFIAGGGADGLTF	TRAV24	TRAJ45	CASSLGQGSSPLHF	TRBV7-6	TRBJ1-6
airr_top	airr_top_112	rank02	CAARMDGNKLVF	TRAV29/DV5	TRAJ47	CASSYSDTQYF	TRBV7-2	TRBJ2-3
airr_top	airr_top_113	rank02	CAARPPGGYNKLIF	TRAV13-1	TRAJ4	CSVDLVGPLDNEQYF	TRBV29-1	TRBJ2-7
airr_top	airr_top_114	rank02	CAVKKSVGNTPLVF	TRAV21	TRAJ29	CASSYGAGGVDTQYF	TRBV6-5	TRBJ2-3
airr_top	airr_top_115	rank02	CAERDNYGQNFVF	TRAV13-2	TRAJ26	CASSPGLAAYEQYF	TRBV27	TRBJ2-7
airr_top	airr_top_116	rank02	CLAGGTSYGKLTF	TRAV12-3	TRAJ52	CATSGAWGDTQYF	TRBV15	TRBJ2-3
airr_top	airr_top_117	rank02	CAGEDTNAGKSTF	TRAV27	TRAJ27	CSVRAGQETQYF	TRBV29-1	TRBJ2-5
airr_top	airr_top_118	rank02	CAGPRSYQLTF	TRAV13-2	TRAJ28	CASSLGRSLSSYEQYF	TRBV7-2	TRBJ2-7
airr_top	airr_top_119	rank02	CAVGGSEKLVF	TRAV21	TRAJ57	CAIAEAAGLQETQYF	TRBV10-3	TRBJ2-5
airr_top	airr_top_120	rank02	CAPRRGYNKLIF	TRAV16	TRAJ4	CASSAGGSYNEQFF	TRBV7-8	TRBJ2-1
airr_top	airr_top_121	rank02	CAYRSQGAQKLVF	TRAV38-2/DV8	TRAJ54	CASSLGTGGLYTEAFF	TRBV5-1	TRBJ1-1
airr_top	airr_top_122	rank02	CAENQAGTALIF	TRAV13-2	TRAJ15	CASSSDSYEQYF	TRBV7-9	TRBJ2-7
airr_top	airr_top_123	rank02	CAYKVAGGTSYGKLTF	TRAV38-2/DV8	TRAJ52	CASSPGTGQPYEQYF	TRBV7-2	TRBJ2-7
airr_top	airr_top_124	rank02	CALKVEQAGTALIF	TRAV16	TRAJ15	CASNLGRETQYF	TRBV28	TRBJ2-5
airr_top	airr_top_125	rank02	CAVADSNYQLIW	TRAV1-2	TRAJ33	CASSPLGRGIGNEQFF	TRBV6-4	TRBJ2-1
airr_top	airr_top_126	rank02	CAFTDSNYQLIW	TRAV38-2/DV8	TRAJ33	CASSQDWGSGSLFYNEQFF	TRBV4-3	TRBJ2-1
airr_top	airr_top_127	rank02	CAESIWGFGNVLHC	TRAV5	TRAJ35	CASSLTDTQYF	TRBV11-3	TRBJ2-3
airr_top	airr_top_128	rank02	CAGMDSSYKLIF	TRAV1-2	TRAJ12	CASSFLGTGEETQYF	TRBV28	TRBJ2-5
airr_top	airr_top_129	rank02	CAVDSNYQLIW	TRAV21	TRAJ33	CASSFARWDEQFF	TRBV27	TRBJ2-1
airr_top	airr_top_130	rank02	CGTEIRNQGGKLIF	TRAV30	TRAJ23	CSAQPTVNSYEQYF	TRBV20-1	TRBJ2-7
airr_top	airr_top_131	rank02	CAGINTNAGKSTF	TRAV27	TRAJ27	CASSPRLAENNEQFF	TRBV7-9	TRBJ2-1
airr_top	airr_top_132	rank02	CAVLTQGGSEKLVF	TRAV21	TRAJ57	CAGPGTGSTDTQYF	TRBV7-3	TRBJ2-3
airr_top	airr_top_133	rank02	CVVNGMDSSYKLIF	TRAV12-1	TRAJ12	CARRLGVDSYEQYF	TRBV7-2	TRBJ2-7
airr_top	airr_top_134	rank02	CAAPQGGSYIPTF	TRAV13-1	TRAJ6	CASSLLSESTDTQYF	TRBV5-1	TRBJ2-3
airr_top	airr_top_135	rank02	CAGRTEAGSYQLTF	TRAV27	TRAJ28	CASSPPGLPFGEQYF	TRBV13	TRBJ2-7
airr_top	airr_top_136	rank02	CAVNTGNQFYF	TRAV21	TRAJ49	CASSFRDTSRTSNYGYTF	TRBV7-9	TRBJ1-2
airr_top	airr_top_137	rank02	CAASRGRGNQGGKLIF	TRAV13-1	TRAJ23	CASSNTEAFF	TRBV12-4	TRBJ1-1
airr_top	airr_top_138	rank02	CAASVNTDKLIF	TRAV29/DV5	TRAJ34	CASSRPGQGTDTQYF	TRBV28	TRBJ2-3
airr_top	airr_top_139	rank02	CALYNFNKFYF	TRAV6	TRAJ21	CSASRGSPNEQYF	TRBV20-1	TRBJ2-7
airr_top	airr_top_140	rank02	CAVNNDYKLSF	TRAV12-2	TRAJ20	CASSPAGKGPHEQFF	TRBV5-1	TRBJ2-1
airr_top	airr_top_141	rank02	CAVRDNYGQNFVF	TRAV21	TRAJ26	CASSLQAGGQDEQYF	TRBV3-1	TRBJ2-7
airr_top	airr_top_142	rank02	CIVRALTGGGNKLTF	TRAV26-1	TRAJ10	CASSYWDVRNQPQHF	TRBV6-3	TRBJ1-5
airr_top	airr_top_143	rank02	CAVNRDDKIIF	TRAV21	TRAJ30	CASSRTGYQETQYF	TRBV6-5	TRBJ2-5
airr_top	airr_top_144	rank02	CAVKAAGNKLTF	TRAV21	TRAJ17	CASSLEDRVEKLFF	TRBV7-9	TRBJ1-4
airr_top	airr_top_145	rank02	CASSPTGTYKYIF	TRAV16	TRAJ40	CASSFRVNTEAFF	TRBV7-3	TRBJ1-1
airr_top	airr_top_146	rank02	CAVDNYGQNFVF	TRAV21	TRAJ26	CASSFGTMDEQFF	TRBV7-8	TRBJ2-1
airr_top	airr_top_147	rank02	CAYRTPGYQLIW	TRAV38-2/DV8	TRAJ33	CASSLVPLNEQFF	TRBV12-4	TRBJ2-1
airr_top	airr_top_148	rank02	CAFLSPVFGNEKLTF	TRAV38-1	TRAJ48	CASTNWANNEQFF	TRBV6-3	TRBJ2-1
airr_top	airr_top_149	rank02	CAVNTGFQKLVF	TRAV21	TRAJ8	CASSLGTPVPRQYF	TRBV5-6	TRBJ2-3
airr_top	airr_top_150	rank03	CAATDSNYQLIW	TRAV1-2	TRAJ33	CASSWDSLGETQYF	TRBV7-9	TRBJ2-5
airr_top	airr_top_151	rank03	CAVQGGSEKLVF	TRAV21	TRAJ57	CASSQGSGANVLTF	TRBV4-1	TRBJ2-6
airr_top	airr_top_152	rank03	CAYNPGSQGNLIF	TRAV38-2/DV8	TRAJ42	CASSLASIRDEQYF	TRBV5-1	TRBJ2-7
airr_top	airr_top_153	rank03	CALHNARLMF	TRAV2	TRAJ31	CASSQEPGQGDNEQFF	TRBV14	TRBJ2-1
airr_top	airr_top_154	rank03	CAASGGSNYKLTF	TRAV13-1	TRAJ53	CASSPQGGSSYNEQYF	TRBV5-5	TRBJ2-7
airr_top	airr_top_155	rank03	CALNTGGFKTIF	TRAV9-2	TRAJ9	CASSLDGGGTEAFF	TRBV12-4	TRBJ1-1
airr_top	airr_top_156	rank03	CAENYGGATNKLIF	TRAV13-2	TRAJ32	CASSPNYSNQPQHF	TRBV12-4	TRBJ1-5
airr_top	airr_top_157	rank03	CALSTSDYKLSF	TRAV38-2/DV8	TRAJ20	CASSLAGGTDTQYF	TRBV12-4	TRBJ2-3
airr_top	airr_top_158	rank03	CAENYGGSQGNLIF	TRAV13-2	TRAJ42	CASSLRGQSYEQYF	TRBV7-8	TRBJ2-7
airr_top	airr_top_159	rank03	CAASKGGSYIPTF	TRAV13-1	TRAJ6	CASSWDKAYEQYF	TRBV5-1	TRBJ2-7
airr_top	airr_top_160	rank03	CAVDTGRRALTF	TRAV21	TRAJ5	CASSQEANQPQHF	TRBV7-2	TRBJ1-5
airr_top	airr_top_161	rank03	CAPSGGSYIPTF	TRAV9-2	TRAJ6	CASSQSHSEETQYF	TRBV4-1	TRBJ2-5
airr_top	airr_top_162	rank03	CALSGGSNYKLTF	TRAV9-2	TRAJ53	CASSLKGVSSYNEQFF	TRBV7-9	TRBJ2-1
airr_top	airr_top_163	rank03	CVTMDSNYQLIW	TRAV1-2	TRAJ33	CATSDFRTDMGETQYF	TRBV24-1	TRBJ2-5
airr_top	airr_top_164	rank03	CAENTGGFKTIF	TRAV13-2	TRAJ9	CASRRQANYGYTF	TRBV6-3	TRBJ1-2
airr_top	airr_top_165	rank03	CAASATGANSKLTF	TRAV29/DV5	TRAJ56	CASSAVAGYPDTQYF	TRBV27	TRBJ2-3
airr_top	airr_top_166	rank03	CAVPNQAGTALIF	TRAV21	TRAJ15	CASSFWTSGQETQYF	TRBV3-1	TRBJ2-5
airr_top	airr_top_167	rank03	CAVPYSSASKIIF	TRAV21	TRAJ3	CASSRRTGQETQYF	TRBV3-1	TRBJ2-5
airr_top	airr_top_168	rank03	CAMRVPNSGGSNYKLTF	TRAV14/DV4	TRAJ53	CASEDPSGKGMTQYF	TRBV2	TRBJ2-5
airr_top	airr_top_169	rank03	CAAKPGSARQLTF	TRAV13-1	TRAJ22	CASSLYGGPQETQYF	TRBV11-2	TRBJ2-5
airr_top	airr_top_170	rank03	CALASIGFGNVLHC	TRAV6	TRAJ35	CASSGGDTDINEQYF	TRBV10-2	TRBJ2-7
airr_top	airr_top_171	rank03	CVVPDQAGTALIF	TRAV12-1	TRAJ15	CASSPSNYGYTF	TRBV5-6	TRBJ1-2
airr_top	airr_top_172	rank03	CAYQGARLMF	TRAV38-2/DV8	TRAJ31	CAWSAGHTYEQYF	TRBV30	TRBJ2-7
airr_top	airr_top_173	rank03	CALDLESGYSTLTF	TRAV6	TRAJ11	CASSPIAGVNEQYF	TRBV7-2	TRBJ2-7
airr_top	airr_top_174	rank03	CAASTGNQFYF	TRAV23/DV6	TRAJ49	CASSQDGSGISTDTQYF	TRBV4-1	TRBJ2-3
airr_top	airr_top_175	rank03	CAYLIKAAGNKLTF	TRAV24	TRAJ17	CASSRGDRLFYYEQYF	TRBV7-9	TRBJ2-7
airr_top	airr_top_176	rank03	CAASGGSYIPTF	TRAV13-1	TRAJ6	CASSEGTGTSGGAGEQYF	TRBV9	TRBJ2-7
airr_top	airr_top_177	rank03	CALSRTGNQFYF	TRAV9-2	TRAJ49	CSAAGTGFSYEQYF	TRBV20-1	TRBJ2-7
airr_top	airr_top_178	rank03	CAVTGTASKLTF	TRAV21	TRAJ44	CASSPKTGATYGYTF	TRBV6-5	TRBJ1-2
airr_top	airr_top_179	rank03	CAVRNDYKLSF	TRAV1-1	TRAJ20	CASSPEGYEQYF	TRBV18	TRBJ2-7
airr_top	airr_top_180	rank03	CAYSASKIIF	TRAV20	TRAJ3	CSARHGQGVGEQYF	TRBV20-1	TRBJ2-7
airr_top	airr_top_181	rank03	CLVGDRGTGGFKTIF	TRAV4	TRAJ9	CSVGSSGMDTQYF	TRBV29-1	TRBJ2-3
airr_top	airr_top_182	rank03	CAMSGGSNYKLTF	TRAV12-3	TRAJ53	CASSWVGYEQYF	TRBV28	TRBJ2-7
airr_top	airr_top_183	rank03	CAGRDSNYQLIW	TRAV1-2	TRAJ33	CATKTDRVTYEQYF	TRBV7-2	TRBJ2-7
airr_top	airr_top_184	rank03	CAASGSARQLTF	TRAV20	TRAJ22	CASSLIGVSSYNEQFF	TRBV7-9	TRBJ2-1
airr_top	airr_top_185	rank03	CASSDSNYQLIW	TRAV1-2	TRAJ33	CASSSGLAGGSSYNEQFF	TRBV7-2	TRBJ2-1
airr_top	airr_top_186	rank03	CAARVGNQFYF	TRAV29/DV5	TRAJ49	CASSFGLAYLGNEQFF	TRBV5-1	TRBJ2-1
airr_top	airr_top_187	rank03	CAANQAGTALIF	TRAV13-1	TRAJ15	CASSESDSSYTDTQYF	TRBV2	TRBJ2-3
airr_top	airr_top_188	rank03	CASSSNTGKLIF	TRAV24	TRAJ37	CASSFTGGETQYF	TRBV7-3	TRBJ2-5
airr_top	airr_top_189	rank03	CAVNNAGNMLTF	TRAV21	TRAJ39	CSARGGQGAKMGETQYF	TRBV20-1	TRBJ2-5
airr_top	airr_top_190	rank03	CAMSEGYSTLTF	TRAV12-3	TRAJ11	CASSDRPRTSKTDTQYF	TRBV2	TRBJ2-3
airr_top	airr_top_191	rank03	CAVDNQGGKLIF	TRAV21	TRAJ23	CASSLFWDSTDTQYF	TRBV28	TRBJ2-3
airr_top	airr_top_192	rank03	CAVWDSNYQLIW	TRAV1-2	TRAJ33	CASSQDEGGAYNEQFF	TRBV4-3	TRBJ2-1
airr_top	airr_top_193	rank03	CALNSGGSNYKLTF	TRAV9-2	TRAJ53	CASSPDLTYEQYF	TRBV9	TRBJ2-7
airr_top	airr_top_194	rank03	CAVPTAGKSTF	TRAV1-2	TRAJ27	CASSQGTSGGYQETQYF	TRBV4-1	TRBJ2-5
airr_top	airr_top_195	rank03	CAENNAGNMLTF	TRAV13-2	TRAJ39	CASSPHSSGRADTQYF	TRBV12-4	TRBJ2-3
airr_top	airr_top_196	rank03	CAASTSGTYKYIF	TRAV13-1	TRAJ40	CASSASLADADTQYF	TRBV7-2	TRBJ2-3
airr_top	airr_top_197	rank03	CAYRRDDKIIF	TRAV38-2/DV8	TRAJ30	CASSLGRGNEQFF	TRBV7-3	TRBJ2-1
airr_top	airr_top_198	rank03	CAPLDSNYQLIW	TRAV1-2	TRAJ33	CSARDSFQRQTLGNEQFF	TRBV20-1	TRBJ2-1
airr_top	airr_top_199	rank03	CAVSLTQGGSEKLVF	TRAV21	TRAJ57	CASSLEALSSYNEQFF	TRBV28	TRBJ2-1
airr_top	airr_top_200	rank04	CAVRMDSSYKLIF	TRAV21	TRAJ12	CASSLTSGYNEQFF	TRBV5-6	TRBJ2-1
airr_top	airr_top_201	rank04	CVPMDSNYQLIW	TRAV1-2	TRAJ33	CSAREIRERFYEQYF	TRBV20-1	TRBJ2-7
airr_top	airr_top_202	rank04	CAANFGNEKLTF	TRAV29/DV5	TRAJ48	CASSSNRVGEQYF	TRBV7-8	TRBJ2-7
airr_top	airr_top_203	rank04	CAMREREAAGNKLTF	TRAV14/DV4	TRAJ17	CSAKVGVGSGSMIETQYF	TRBV20-1	TRBJ2-5
airr_top	airr_top_204	rank04	CAYMDSNYQLIW	TRAV1-2	TRAJ33	CASSAGRNKAFF	TRBV25-1	TRBJ1-1
airr_top	airr_top_205	rank04	CAVLDSSYKLIF	TRAV1-2	TRAJ12	CAISEGGTLNEQYF	TRBV10-3	TRBJ2-7
airr_top	airr_top_206	rank04	CAAVDSNYQLIW	TRAV1-2	TRAJ33	CASSSGQEGNEQFF	TRBV6-6	TRBJ2-1
airr_top	airr_top_207	rank04	CAASNDYKLSF	TRAV13-1	TRAJ20	CASSRETSNEQFF	TRBV18	TRBJ2-1
airr_top	airr_top_208	rank04	CAVQTGANNLFF	TRAV21	TRAJ36	CASGLGTSITDTQYF	TRBV12-5	TRBJ2-3
airr_top	airr_top_209	rank04	CAASGAGSYQLTF	TRAV12-2	TRAJ28	CATSDSGIEAFF	TRBV24-1	TRBJ1-1
airr_top	airr_top_210	rank04	CAVAYNDYKLSF	TRAV12-2	TRAJ20	CASSEASQGHYGYTF	TRBV2	TRBJ1-2
airr_top	airr_top_211	rank04	CAASRVAGGFKTIF	TRAV13-1	TRAJ9	CASSFGTGHEQYF	TRBV12-4	TRBJ2-7
airr_top	airr_top_212	rank04	CAVFGNYGQNFVF	TRAV21	TRAJ26	CASRINPNPYNEQFF	TRBV6-5	TRBJ2-1
airr_top	airr_top_213	rank04	CALMDSNYQLIW	TRAV1-2	TRAJ33	CSVGLLTGYNEQYF	TRBV29-1	TRBJ2-7
airr_top	airr_top_214	rank04	CAVNTNAGKSTF	TRAV21	TRAJ27	CATSTGLELQSSSLPNYEQYF	TRBV6-6	TRBJ2-7
airr_top	airr_top_215	rank04	CAVDGQKLLF	TRAV2	TRAJ16	CASRSGRASNQPQHF	TRBV6-3	TRBJ1-5
airr_top	airr_top_216	rank04	CAASNQAGTALIF	TRAV13-1	TRAJ15	CSVTRGINQETQYF	TRBV29-1	TRBJ2-5
airr_top	airr_top_217	rank04	CAASVSGDMRF	TRAV29/DV5	TRAJ43	CASRTGGWNTEAFF	TRBV27	TRBJ1-1
airr_top	airr_top_218	rank04	CAASKGDSNYQLIW	TRAV13-1	TRAJ33	CASSLAGGGPYYEQYF	TRBV11-2	TRBJ2-7
airr_top	airr_top_219	rank04	CAYRSARYGGSQGNLIF	TRAV38-2/DV8	TRAJ42	CATATSGEHTDTQYF	TRBV27	TRBJ2-3
airr_top	airr_top_220	rank04	CAVRSGGKLIF	TRAV13-2	TRAJ23	CASSFWTGAPEGQFF	TRBV12-4	TRBJ2-1
airr_top	airr_top_221	rank04	CAVTGNQFYF	TRAV21	TRAJ49	CASSEQGASGSLRDTQYF	TRBV9	TRBJ2-3
airr_top	airr_top_222	rank04	CAENAGGTSYGKLTF	TRAV13-2	TRAJ52	CASSLEGVNDEAFF	TRBV28	TRBJ1-1
airr_top	airr_top_223	rank04	CAAKVRGAGSYQLTF	TRAV29/DV5	TRAJ28	CASRGYSGGSSEQYF	TRBV16	TRBJ2-7
airr_top	airr_top_224	rank04	CAFMKAGGSEKLVF	TRAV38-1	TRAJ57	CASSQGQGDTQYF	TRBV4-1	TRBJ2-3
airr_top	airr_top_225	rank04	CAVSTGTASKLTF	TRAV21	TRAJ44	CASSQTALGTEAFF	TRBV4-1	TRBJ1-1
airr_top	airr_top_226	rank04	CAANTGNQFYF	TRAV21	TRAJ49	CASSPRGEKLFF	TRBV4-2	TRBJ1-4
airr_top	airr_top_227	rank04	CAATSEETSGSRLTF	TRAV13-1	TRAJ58	CSARDGTGINYGYTF	TRBV20-1	TRBJ1-2
airr_top	airr_top_228	rank04	CAPQSGGSYIPTF	TRAV9-2	TRAJ6	CASSFGRGQGETQYF	TRBV5-1	TRBJ2-5
airr_top	airr_top_229	rank04	CAASNTGNQFYF	TRAV13-1	TRAJ49	CASSPPKGYETQYF	TRBV7-2	TRBJ2-5
airr_top	airr_top_230	rank04	CLVGVHSGGYNKLIF	TRAV4	TRAJ4	CASSGGLGSYEQYF	TRBV7-2	TRBJ2-7
airr_top	airr_top_231	rank04	CAADPTSGTYKYIF	TRAV21	TRAJ40	CASSFGGGADTQYF	TRBV12-4	TRBJ2-3
airr_top	airr_top_232	rank04	CAESMRGGSYIPTF	TRAV5	TRAJ6	CSVRTGLTDTQYF	TRBV29-1	TRBJ2-3
airr_top	airr_top_233	rank04	CAASTGTASKLTF	TRAV13-1	TRAJ44	CASSKRLAGGLETQYF	TRBV5-1	TRBJ2-5
airr_top	airr_top_234	rank04	CAENGGSSNTGKLIF	TRAV13-2	TRAJ37	CASSQRTSGSTDTQYF	TRBV28	TRBJ2-3
airr_top	airr_top_235	rank04	CLVGDVGDKIIF	TRAV4	TRAJ30	CASSLGGWGQPQHF	TRBV28	TRBJ1-5
airr_top	airr_top_236	rank04	CAEGAGNMLTF	TRAV13-1	TRAJ39	CASSLDSYEQYF	TRBV5-1	TRBJ2-7
airr_top	airr_top_237	rank04	CAVNSGGSNYKLTF	TRAV21	TRAJ53	CASSQEAAGEIRTQYF	TRBV4-3	TRBJ2-3
airr_top	airr_top_238	rank04	CAASTGGFKTIF	TRAV13-1	TRAJ9	CASSAAGYEQYF	TRBV2	TRBJ2-7
airr_top	airr_top_239	rank04	CAVNAGGTSYGKLTF	TRAV21	TRAJ52	CASSSSQGAFNEQYF	TRBV2	TRBJ2-7
airr_top	airr_top_240	rank04	CAENWDTGFQKLVF	TRAV13-2	TRAJ8	CSARFQVGETQYF	TRBV20-1	TRBJ2-5
airr_top	airr_top_241	rank04	CAASSNDAGNMLTF	TRAV13-1	TRAJ39	CASSRGTGWADTQYF	TRBV7-8	TRBJ2-3
airr_top	airr_top_242	rank04	CAATDSWGKLQF	TRAV13-1	TRAJ24	CASSPGTGVENIQYF	TRBV4-2	TRBJ2-4
airr_top	airr_top_243	rank04	CAVRDSDYKLSF	TRAV1-2	TRAJ20	CASGWDPDRAYSNQPQHF	TRBV2	TRBJ1-5
airr_top	airr_top_244	rank04	CAVRDDKIIF	TRAV1-1	TRAJ30	CATEGPPTDTQYF	TRBV6-3	TRBJ2-3
airr_top	airr_top_245	rank04	CALNTGNQFYF	TRAV9-2	TRAJ49	CSARDSPDEETQYF	TRBV20-1	TRBJ2-5
airr_top	airr_top_246	rank04	CAANNAGNMLTF	TRAV13-1	TRAJ39	CAISESGDRGLYEQYF	TRBV10-3	TRBJ2-7
airr_top	airr_top_247	rank04	CAASGGSQGNLIF	TRAV23/DV6	TRAJ42	CASSLGGSYEQYF	TRBV5-1	TRBJ2-7
airr_top	airr_top_248	rank04	CAVRDRTNAGKSTF	TRAV1-2	TRAJ27	CASHKETGTGNEQYF	TRBV18	TRBJ2-7
airr_top	airr_top_249	rank04	CAVISSNYQLIW	TRAV1-2	TRAJ33	CASSEGSRQPGEQFF	TRBV6-1	TRBJ2-1
airr_top	airr_top_250	rank05	CAVTDSWGKLQF	TRAV21	TRAJ24	CASSFLGPGPPTYEQYF	TRBV28	TRBJ2-7
airr_top	airr_top_251	rank05	CAVSGGSYIPTF	TRAV21	TRAJ6	CASSSRGGRLRDYGYTF	TRBV11-3	TRBJ1-2
airr_top	airr_top_252	rank05	CAVRRGGSQGNLIF	TRAV21	TRAJ42	CASSDVRKISTDTQYF	TRBV7-6	TRBJ2-3
airr_top	airr_top_253	rank05	CAAGGTSYGKLTF	TRAV21	TRAJ52	CATSNEGGLEQYF	TRBV15	TRBJ2-7
airr_top	airr_top_254	rank05	CARSKVNRDDKIIF	TRAV13-2	TRAJ30	CASSPSWYEQYF	TRBV7-9	TRBJ2-7
airr_top	airr_top_255	rank05	CAERADDYKLSF	TRAV5	TRAJ20	CASSLLGTAGELFF	TRBV7-2	TRBJ2-2
airr_top	airr_top_256	rank05	CASDDTGNQFYF	TRAV38-1	TRAJ49	CASSPRTSGHTDTQYF	TRBV28	TRBJ2-3
airr_top	airr_top_257	rank05	CAENPGANSKLTF	TRAV13-2	TRAJ56	CASSHHGLKGVRSPLHF	TRBV7-9	TRBJ1-6
airr_top	airr_top_258	rank05	CAVPHGSSNTGKLIF	TRAV20	TRAJ37	CASSPQETQYF	TRBV7-2	TRBJ2-5
airr_top	airr_top_259	rank05	CAASKAAGNKLTF	TRAV23/DV6	TRAJ17	CASSLGPEAFF	TRBV27	TRBJ1-1
airr_top	airr_top_260	rank05	CLPLNTGNQFYF	TRAV26-2	TRAJ49	CASSEAQGEETQYF	TRBV6-1	TRBJ2-5
airr_top	airr_top_261	rank05	CAASEGRDDKIIF	TRAV29/DV5	TRAJ30	CSASDLTYNSPLHF	TRBV20-1	TRBJ1-6
airr_top	airr_top_262	rank05	CAATSGTYKYIF	TRAV29/DV5	TRAJ40	CASSRQGSYNEQYF	TRBV6-3	TRBJ2-7
airr_top	airr_top_263	rank05	CAASSGGSNYKLTF	TRAV13-1	TRAJ53	CASSGPTGKGRTDTQYF	TRBV13	TRBJ2-3
airr_top	airr_top_264	rank05	CASANTGGFKTIF	TRAV38-2/DV8	TRAJ9	CASSLLSMDTQYF	TRBV7-3	TRBJ2-3
airr_top	airr_top_265	rank05	CAVRDLYGNNRLAF	TRAV1-2	TRAJ7	CSARSLTSGIPGSHNEQFF	TRBV20-1	TRBJ2-1
airr_top	airr_top_266	rank05	CAVRPQGGSEKLVF	TRAV21	TRAJ57	CASSFHDYEQYF	TRBV4-3	TRBJ2-7
airr_top	airr_top_267	rank05	CAVGGSQGNLIF	TRAV21	TRAJ42	CASSIYIGSDQETQYF	TRBV7-8	TRBJ2-5
airr_top	airr_top_268	rank05	CAARSDNTDKLIF	TRAV29/DV5	TRAJ34	CASSLSRGRQETQYF	TRBV7-6	TRBJ2-5
airr_top	airr_top_269	rank05	CAVKDSSYKLIF	TRAV1-2	TRAJ12	CASSPPSGSYEQYF	TRBV7-9	TRBJ2-7
airr_top	airr_top_270	rank05	CAANSGGSNYKLTF	TRAV13-1	TRAJ53	CASSLLGSDEDTQYF	TRBV7-8	TRBJ2-3
airr_top	airr_top_271	rank05	CAVRGGSQGNLIF	TRAV1-2	TRAJ42	CSARGGSGIYNEQFF	TRBV20-1	TRBJ2-1
airr_top	airr_top_272	rank05	CAASKNDYKLSF	TRAV13-1	TRAJ20	CASSLVPLNEQYF	TRBV12-4	TRBJ2-7
airr_top	airr_top_273	rank05	CLVAPNTGGFKTIF	TRAV4	TRAJ9	CASSSGQRAYGLFF	TRBV4-1	TRBJ1-4
airr_top	airr_top_274	rank05	CAAGGATNKLIF	TRAV20	TRAJ32	CASSLTWDSPYEQYF	TRBV28	TRBJ2-7
airr_top	airr_top_275	rank05	CAGAGGSNYKLTF	TRAV27	TRAJ53	CASSERGDYNEQFF	TRBV27	TRBJ2-1
airr_top	airr_top_276	rank05	CAVTTSGTYKYIF	TRAV20	TRAJ40	CASGLSSLAETQYF	TRBV12-5	TRBJ2-5
airr_top	airr_top_277	rank05	CAFMKDSGGSNYKLTF	TRAV38-1	TRAJ53	CASSPSDYSNQPQHF	TRBV12-4	TRBJ1-5
airr_top	airr_top_278	rank05	CAVRSNDYKLSF	TRAV20	TRAJ20	CASSLRETQYF	TRBV12-4	TRBJ2-5
airr_top	airr_top_279	rank05	CAGRETSGSRLTF	TRAV27	TRAJ58	CASSAKPGQATYEQYF	TRBV25-1	TRBJ2-7
airr_top	airr_top_280	rank05	CAVNYGGSQGNLIF	TRAV21	TRAJ42	CASGPSTLVETQYF	TRBV12-5	TRBJ2-5
airr_top	airr_top_281	rank05	CAGDFGNEKLTF	TRAV25	TRAJ48	CASSDGLAGKYEQYF	TRBV9	TRBJ2-7
airr_top	airr_top_282	rank05	CAGSGAGSYQLTF	TRAV25	TRAJ28	CSARVLGQGQSYEQYF	TRBV20-1	TRBJ2-7
airr_top	airr_top_283	rank05	CAYASYGKLTF	TRAV38-2/DV8	TRAJ52	CASSRQGSYNEQFF	TRBV6-3	TRBJ2-1
airr_top	airr_top_284	rank05	CATDAQAAGNKLTF	TRAV17	TRAJ17	CASSRQGGDQPQHF	TRBV7-2	TRBJ1-5
airr_top	airr_top_285	rank05	CAASTGGGNKLTF	TRAV13-1	TRAJ10	CASSLGLHYEQYF	TRBV28	TRBJ2-7
airr_top	airr_top_286	rank05	CAAMDSSYKLIF	TRAV1-2	TRAJ12	CSASWDTTDTQYF	TRBV20-1	TRBJ2-3
airr_top	airr_top_287	rank05	CAVWDGQKLLF	TRAV12-2	TRAJ16	CASSLGPTDTQYF	TRBV12-4	TRBJ2-3
airr_top	airr_top_288	rank05	CAVNFGNEKLTF	TRAV21	TRAJ48	CASSLHDRGARTEAFF	TRBV7-9	TRBJ1-1
airr_top	airr_top_289	rank05	CAVLNQAGTALIF	TRAV21	TRAJ15	CASSLFGLAGGPDTQYF	TRBV12-4	TRBJ2-3
airr_top	airr_top_290	rank05	CAASPPGGGGADGLTF	TRAV23/DV6	TRAJ45	CASSRRDYNSPLHF	TRBV28	TRBJ1-6
airr_top	airr_top_291	rank05	CAGAPTSGTYKYIF	TRAV27	TRAJ40	CASSQESQGGEQYF	TRBV4-3	TRBJ2-7
airr_top	airr_top_292	rank05	CATDARNQGGKLIF	TRAV17	TRAJ23	CASSLGSPGVGEQYF	TRBV27	TRBJ2-7
airr_top	airr_top_293	rank05	CAVRLSQTDSWGKLQF	TRAV21	TRAJ24	CAISGTSGKEYTQYF	TRBV10-3	TRBJ2-3
airr_top	airr_top_294	rank05	CATVNDYKLSF	TRAV17	TRAJ20	CASSSAQGGNEQFF	TRBV7-9	TRBJ2-1
airr_top	airr_top_295	rank05	CAVEPDILTGGGNKLTF	TRAV2	TRAJ10	CASSQQAGTGGGEQYF	TRBV7-9	TRBJ2-7
airr_top	airr_top_296	rank05	CAGLSSNTGKLIF	TRAV27	TRAJ37	CASSQDPTSGEETQYF	TRBV4-1	TRBJ2-5
airr_top	airr_top_297	rank05	CAAISGGYNKLIF	TRAV13-1	TRAJ4	CASSLSTGTYEQYF	TRBV11-2	TRBJ2-7
airr_top	airr_top_298	rank05	CVVNPKRDDKIIF	TRAV12-1	TRAJ30	CASSPGSVSYNEQFF	TRBV7-3	TRBJ2-1
airr_top	airr_top_299	rank05	CAVYNFNKFYF	TRAV13-1	TRAJ21	CASSSLGYEQYF	TRBV11-2	TRBJ2-7
airr_top	airr_top_300	rank06	CAYRSGGGSQGNLIF	TRAV38-2/DV8	TRAJ42	CATSDTSGRATNEQFF	TRBV24-1	TRBJ2-1
airr_top	airr_top_301	rank06	CAVSTGANNLFF	TRAV22	TRAJ36	CASSLVFGTGGSYNEQFF	TRBV11-2	TRBJ2-1
airr_top	airr_top_302	rank06	CAVNTGTASKLTF	TRAV21	TRAJ44	CATETGDSHTDTQYF	TRBV10-3	TRBJ2-3
airr_top	airr_top_303	rank06	CAYRSPNTGNQFYF	TRAV38-2/DV8	TRAJ49	CASSLSSQGAYEQYF	TRBV27	TRBJ2-7
airr_top	airr_top_304	rank06	CAANAGGTSYGKLTF	TRAV13-1	TRAJ52	CASSLYLGPQHF	TRBV7-9	TRBJ1-5
airr_top	airr_top_305	rank06	CATDTDKLIF	TRAV38-2/DV8	TRAJ34	CASSPLGEEADEQYF	TRBV10-1	TRBJ2-7
airr_top	airr_top_306	rank06	CVPFDRGSTLGRLYF	TRAV9-2	TRAJ18	CASSLPTSGFDEQYF	TRBV27	TRBJ2-7
airr_top	airr_top_307	rank06	CAVSHSGGGADGLTF	TRAV21	TRAJ45	CASSPNRREAFF	TRBV14	TRBJ1-1
airr_top	airr_top_308	rank06	CAASRNTGNQFYF	TRAV29/DV5	TRAJ49	CASSLAGSGSEQFF	TRBV6-5	TRBJ2-1
airr_top	airr_top_309	rank06	CAASSGSARQLTF	TRAV13-1	TRAJ22	CSVPSEGGIPYEQYF	TRBV29-1	TRBJ2-7
airr_top	airr_top_310	rank06	CAAEGEYGNKLVF	TRAV36/DV7	TRAJ47	CAISAGQRMNTEAFF	TRBV10-3	TRBJ1-1
airr_top	airr_top_311	rank06	CAANTGGFKTIF	TRAV13-1	TRAJ9	CATSRTLYGGEQFF	TRBV15	TRBJ2-1
airr_top	airr_top_312	rank06	CAVPNQGAQKLVF	TRAV36/DV7	TRAJ54	CSATGEAGGGTQYF	TRBV20-1	TRBJ2-3
airr_top	airr_top_313	rank06	CAVSGSARQLTF	TRAV21	TRAJ22	CATSGPGQGMTGELFF	TRBV24-1	TRBJ2-2
airr_top	airr_top_314	rank06	CAMSVTTDKLIF	TRAV12-3	TRAJ34	CASSWARRLGLAGGIDTQYF	TRBV5-1	TRBJ2-3
airr_top	airr_top_315	rank06	CAVKETSGSRLTF	TRAV21	TRAJ58	CASSLLALGSGANVLTF	TRBV7-3	TRBJ2-6
airr_top	airr_top_316	rank06	CAGNNNAGNMLTF	TRAV20	TRAJ39	CATSRVAGEKLFF	TRBV15	TRBJ1-4
airr_top	airr_top_317	rank06	CALSVGSSNTGKLIF	TRAV38-2/DV8	TRAJ37	CASSLEQGETQYF	TRBV7-3	TRBJ2-5
airr_top	airr_top_318	rank06	CALDSNYQLIW	TRAV38-1	TRAJ33	CASSLLGVQFF	TRBV12-4	TRBJ2-1
airr_top	airr_top_319	rank06	CAALTGANNLFF	TRAV13-1	TRAJ36	CSVGQGGWNEQFF	TRBV29-1	TRBJ2-1
airr_top	airr_top_320	rank06	CAGGSQGNLIF	TRAV27	TRAJ42	CASSSGLSDTQYF	TRBV7-2	TRBJ2-3
airr_top	airr_top_321	rank06	CAMIIPYNTDKLIF	TRAV14/DV4	TRAJ34	CASSPSYEQYF	TRBV7-9	TRBJ2-7
airr_top	airr_top_322	rank06	CAVKVRWGKLQF	TRAV21	TRAJ24	CASSLGKGSSDGYTF	TRBV4-3	TRBJ1-2
airr_top	airr_top_323	rank06	CAASENTDKLIF	TRAV29/DV5	TRAJ34	CSVGNGYNEQFF	TRBV29-1	TRBJ2-1
airr_top	airr_top_324	rank06	CAFMRGGAQKLVF	TRAV38-1	TRAJ54	CASSLRTGITTGELFF	TRBV7-9	TRBJ2-2
airr_top	airr_top_325	rank06	CAASLGGSYIPTF	TRAV13-1	TRAJ6	CASSLTAGGPDTQYF	TRBV7-3	TRBJ2-3
airr_top	airr_top_326	rank06	CALSDRGDGQKLLF	TRAV9-2	TRAJ16	CAQGGKQYF	TRBV10-2	TRBJ2-7
airr_top	airr_top_327	rank06	CAVLYQAGTALIF	TRAV21	TRAJ15	CASSYGGARETQYF	TRBV27	TRBJ2-5
airr_top	airr_top_328	rank06	CAMSVLKSGNTPLVF	TRAV12-3	TRAJ29	CASSFGSNHNEQFF	TRBV12-4	TRBJ2-1
airr_top	airr_top_329	rank06	CIVLNQAGTALIF	TRAV26-1	TRAJ15	CASSLGGEEGYTF	TRBV7-2	TRBJ1-2
airr_top	airr_top_330	rank06	CAVIGFGNVLHC	TRAV21	TRAJ35	CASSDRGPYEQYF	TRBV28	TRBJ2-7
airr_top	airr_top_331	rank06	CLVGETNAGKSTF	TRAV4	TRAJ27	CATSGREGSRDTQYF	TRBV24-1	TRBJ2-3
airr_top	airr_top_332	rank06	CALKTSYDKVIF	TRAV9-2	TRAJ50	CASSSRYGYTF	TRBV12-4	TRBJ1-2
airr_top	airr_top_333	rank06	CAVGSSNTGKLIF	TRAV27	TRAJ37	CASTERGRTSYNEQFF	TRBV6-5	TRBJ2-1
airr_top	airr_top_334	rank06	CAAGSYGNNRLAF	TRAV12-3	TRAJ7	CASSSWSGYNEQYF	TRBV5-1	TRBJ2-7
airr_top	airr_top_335	rank06	CAVRETSGSRLTF	TRAV21	TRAJ58	CASSVGQGVGYEQYF	TRBV9	TRBJ2-7
airr_top	airr_top_336	rank06	CAASSGTYKYIF	TRAV29/DV5	TRAJ40	CASSAAVDEQFF	TRBV25-1	TRBJ2-1
airr_top	airr_top_337	rank06	CLVGDSYSGGGADGLTF	TRAV4	TRAJ45	CASGLTSQPQHF	TRBV6-3	TRBJ1-5
airr_top	airr_top_338	rank06	CAVSNDYKLSF	TRAV22	TRAJ20	CASSLKREGTYNEQFF	TRBV7-9	TRBJ2-1
airr_top	airr_top_339	rank06	CAFMKQVAGNQFYF	TRAV38-1	TRAJ49	CASSFGAPMQYF	TRBV28	TRBJ2-3
airr_top	airr_top_340	rank06	CAVTQGGSEKLVF	TRAV21	TRAJ57	CASSLSHGQFEQYF	TRBV5-1	TRBJ2-7
airr_top	airr_top_341	rank06	CAGLRDDNNDMRF	TRAV35	TRAJ43	CASSQNGGGAFGEQFF	TRBV4-2	TRBJ2-1
airr_top	airr_top_342	rank06	CAYRSYVTGNQFYF	TRAV38-2/DV8	TRAJ49	CASSPPGSGANEKLFF	TRBV11-2	TRBJ1-4
airr_top	airr_top_343	rank06	CAFKEYGNKLVF	TRAV38-1	TRAJ47	CATSDRDRITDTQYF	TRBV24-1	TRBJ2-3
airr_top	airr_top_344	rank06	CAFLFKAAGNKLTF	TRAV24	TRAJ17	CASSPYTGQETQYF	TRBV7-8	TRBJ2-5
airr_top	airr_top_345	rank06	CATAVFFADGQKLLF	TRAV17	TRAJ16	CASSSSGDQPQHF	TRBV5-5	TRBJ1-5
airr_top	airr_top_346	rank06	CLVGGINRGSTLGRLYF	TRAV4	TRAJ18	CAISEGLGQGETQYF	TRBV10-3	TRBJ2-5
airr_top	airr_top_347	rank06	CAASNFGNEKLTF	TRAV13-1	TRAJ48	CASSFHVWAETQYF	TRBV28	TRBJ2-5
airr_top	airr_top_348	rank06	CAVQSEGSQGNLIF	TRAV20	TRAJ42	CATGAGGSSYEQYF	TRBV6-6	TRBJ2-7
airr_top	airr_top_349	rank06	CAMKTSYDKVIF	TRAV12-3	TRAJ50	CASSLLREQNNEQYF	TRBV5-1	TRBJ2-7
airr_top	airr_top_350	rank07	CAVELYFGNEKLTF	TRAV22	TRAJ48	CASKEGLAYEQYF	TRBV7-9	TRBJ2-7
airr_top	airr_top_351	rank07	CAVTSGTYKYIF	TRAV41	TRAJ40	CASSAEVGLSTDTQYF	TRBV9	TRBJ2-3
airr_top	airr_top_352	rank07	CLVGEMGRNQGGKLIF	TRAV4	TRAJ23	CSAGFRLAGEMGNEQFF	TRBV20-1	TRBJ2-1
airr_top	airr_top_353	rank07	CAASKGSNYQLIW	TRAV13-1	TRAJ33	CSVTGQGEVIEQYF	TRBV29-1	TRBJ2-7
airr_top	airr_top_354	rank07	CATDKTGGFKTIF	TRAV17	TRAJ9	CASSYSPAGGLGEAFF	TRBV6-5	TRBJ1-1
airr_top	airr_top_355	rank07	CLALNTGGFKTIF	TRAV4	TRAJ9	CASSLDKNTEAFF	TRBV11-2	TRBJ1-1
airr_top	airr_top_356	rank07	CAGANAGGTSYGKLTF	TRAV27	TRAJ52	CASSSMTEATSEAFF	TRBV28	TRBJ1-1
airr_top	airr_top_357	rank07	CIGSGNQFYF	TRAV26-2	TRAJ49	CASSEGASSYNEQFF	TRBV2	TRBJ2-1
airr_top	airr_top_358	rank07	CAMSAEGFNKFYF	TRAV12-3	TRAJ21	CSAPLGERDEQYF	TRBV20-1	TRBJ2-7
airr_top	airr_top_359	rank07	SGYSSASKIIF	TRAV1-1	TRAJ3	CASSWGWGYNEQFF	TRBV12-4	TRBJ2-1
airr_top	airr_top_360	rank07	CAVKGGQKLLF	TRAV12-2	TRAJ16	CASSDGDSRADTQYF	TRBV5-1	TRBJ2-3
airr_top	airr_top_361	rank07	CAAGGSQGNLIF	TRAV29/DV5	TRAJ42	CSDARGDGYGYTF	TRBV29-1	TRBJ1-2
airr_top	airr_top_362	rank07	CAVKTSYDKVIF	TRAV21	TRAJ50	CASSLSGGLEEQYF	TRBV5-1	TRBJ2-7
airr_top	airr_top_363	rank07	CAESSGNFNKFYF	TRAV5	TRAJ21	CASSLRTSGGDKAKNIQYF	TRBV7-9	TRBJ2-4
airr_top	airr_top_364	rank07	CAEKAAGNKLTF	TRAV13-2	TRAJ17	CASSRTAGDTQYF	TRBV18	TRBJ2-3
airr_top	airr_top_365	rank07	CATDTGRRALTF	TRAV17	TRAJ5	CASSEARGTGALYEQYF	TRBV2	TRBJ2-7
airr_top	airr_top_366	rank07	CAVQAGNQFYF	TRAV20	TRAJ49	CASSWGTPNTEAFF	TRBV25-1	TRBJ1-1
airr_top	airr_top_367	rank07	CALNQAGTALIF	TRAV9-2	TRAJ15	CASSLRGTGELFF	TRBV28	TRBJ2-2
airr_top	airr_top_368	rank07	CAETPPTGRRALTF	TRAV5	TRAJ5	CASSSQETQYF	TRBV5-1	TRBJ2-5
airr_top	airr_top_369	rank07	CAMSSFSGGYNKLIF	TRAV12-3	TRAJ4	CASSDGTGGLETQYF	TRBV5-5	TRBJ2-5
airr_top	airr_top_370	rank07	CAPDTGRRALTF	TRAV16	TRAJ5	CASSLPPRDEQFF	TRBV7-2	TRBJ2-1
airr_top	airr_top_371	rank07	CAVSNQAGTALIF	TRAV21	TRAJ15	CASSLADRDGYTF	TRBV7-2	TRBJ1-2
airr_top	airr_top_372	rank07	CAASAGGAQKLVF	TRAV29/DV5	TRAJ54	CASSLASRTGGYTF	TRBV7-2	TRBJ1-2
airr_top	airr_top_373	rank07	CAYRGYSGGGADGLTF	TRAV38-2/DV8	TRAJ45	CASSLEETQYF	TRBV5-1	TRBJ2-5
airr_top	airr_top_374	rank07	CAVAPYGNNRLAF	TRAV36/DV7	TRAJ7	CASSLGADTQYF	TRBV13	TRBJ2-3
airr_top	airr_top_375	rank07	CAGGSNYKLTF	TRAV27	TRAJ53	CASSLTDSIYGYTF	TRBV7-3	TRBJ1-2
airr_top	airr_top_376	rank07	CAVNNNAGNMLTF	TRAV36/DV7	TRAJ39	CASSFDWEQFF	TRBV28	TRBJ2-1
airr_top	airr_top_377	rank07	CALRGFGNEKLTF	TRAV19	TRAJ48	CASSQGVAGGLNEQFF	TRBV4-3	TRBJ2-1
airr_top	airr_top_378	rank07	CAVNSGNTPLVF	TRAV21	TRAJ29	CSARVVEGAGGPRYEQYF	TRBV20-1	TRBJ2-7
airr_top	airr_top_379	rank07	CAVPIKAAGNKLTF	TRAV12-2	TRAJ17	CATSDPLTASYEQYF	TRBV24-1	TRBJ2-7
airr_top	airr_top_380	rank07	CAASRGGSYIPTF	TRAV13-1	TRAJ6	CASSWEGIRYTQYF	TRBV5-1	TRBJ2-3
airr_top	airr_top_381	rank07	CALDTGRRALTF	TRAV6	TRAJ5	CASSLGGTDTQYF	TRBV7-2	TRBJ2-3
airr_top	airr_top_382	rank07	CAVRPQAAGNKLTF	TRAV21	TRAJ17	CASSESDSEAEAFF	TRBV25-1	TRBJ1-1
airr_top	airr_top_383	rank07	CAEKVGTDQAGTALIF	TRAV13-2	TRAJ15	CSALRLTDTQYF	TRBV20-1	TRBJ2-3
airr_top	airr_top_384	rank07	CGTENTGNQFYF	TRAV30	TRAJ49	CAIRTGTHNEQYF	TRBV10-3	TRBJ2-7
airr_top	airr_top_385	rank07	CAENDDYKLSF	TRAV5	TRAJ20	CAEGLAGARRQETQYF	TRBV30	TRBJ2-5
airr_top	airr_top_386	rank07	CAMRGVYNQGGKLIF	TRAV14/DV4	TRAJ23	CASSPSIADEQFF	TRBV7-7	TRBJ2-1
airr_top	airr_top_387	rank07	CAGRSSNTGKLIF	TRAV35	TRAJ37	CASSLSEVGSGEQYF	TRBV27	TRBJ2-7
airr_top	airr_top_388	rank07	CAASIDSTLTF	TRAV13-1	TRAJ11	CASSSGTENEKLFF	TRBV28	TRBJ1-4
airr_top	airr_top_389	rank07	CAVIKAAGNKLTF	TRAV2	TRAJ17	CASSLGGATDTQYF	TRBV7-3	TRBJ2-3
airr_top	airr_top_390	rank07	CAMRGEGAGSYQLTF	TRAV12-3	TRAJ28	CASSLGTDTQYF	TRBV12-4	TRBJ2-3
airr_top	airr_top_391	rank07	CAGGTSYGKLTF	TRAV13-1	TRAJ52	CASSFDTSSNQPQHF	TRBV6-5	TRBJ1-5
airr_top	airr_top_392	rank07	CAGAGGTSYGKLTF	TRAV27	TRAJ52	CASSQGTGSNYGYTF	TRBV3-1	TRBJ1-2
airr_top	airr_top_393	rank07	CAARSPGGYNKLIF	TRAV13-1	TRAJ4	CASSFLWLKNIQYF	TRBV12-4	TRBJ2-4
airr_top	airr_top_394	rank07	CAVDRGSTLGRLYF	TRAV36/DV7	TRAJ18	CASLSEYQETQYF	TRBV2	TRBJ2-5
airr_top	airr_top_395	rank07	CAVFSGGYNKLIF	TRAV21	TRAJ4	CASSLQGTPPYNEQFF	TRBV7-9	TRBJ2-1
airr_top	airr_top_396	rank07	CAYRSGSYSGAGSYQLTF	TRAV38-2/DV8	TRAJ28	CASSVASFGGTGELFF	TRBV9	TRBJ2-2
airr_top	airr_top_397	rank07	CALNNAGNMLTF	TRAV9-2	TRAJ39	CASSAYLSPDTDTQYF	TRBV5-6	TRBJ2-3
airr_top	airr_top_398	rank07	CAVRGGSNYKLTF	TRAV21	TRAJ53	CSARDQGEGTAFQFF	TRBV20-1	TRBJ2-1
airr_top	airr_top_399	rank07	CAASKGAAGNKLTF	TRAV13-1	TRAJ17	CASSQGQGAWETQYF	TRBV4-1	TRBJ2-5
airr_top	airr_top_400	rank08	CAEVNSGGYQKVTF	TRAV5	TRAJ13	CASSSGLAGENEQFF	TRBV5-6	TRBJ2-1
airr_top	airr_top_401	rank08	CALFTGGGNKLTF	TRAV9-2	TRAJ10	CASSATFRLAGATDTQYF	TRBV9	TRBJ2-3
airr_top	airr_top_402	rank08	CAVSGNTPLVF	TRAV21	TRAJ29	CASSFQGAFDGYTF	TRBV7-9	TRBJ1-2
airr_top	airr_top_403	rank08	CAASSNTGNQFYF	TRAV29/DV5	TRAJ49	CASSFRGYEQYF	TRBV28	TRBJ2-7
airr_top	airr_top_404	rank08	CAELPMNTGFQKLVF	TRAV13-2	TRAJ8	CASRTGGLTDTQYF	TRBV5-1	TRBJ2-3
airr_top	airr_top_405	rank08	CLVGNNRLAF	TRAV4	TRAJ7	CASSFVSGSRETQYF	TRBV5-6	TRBJ2-5
airr_top	airr_top_406	rank08	CAMSESDGQKLLF	TRAV12-3	TRAJ16	CASSWRTGTEQPQHF	TRBV28	TRBJ1-5
airr_top	airr_top_407	rank08	CAATGNQFYF	TRAV29/DV5	TRAJ49	CASSLWQGSNEKLFF	TRBV7-8	TRBJ1-4
airr_top	airr_top_408	rank08	CAASGNQFYF	TRAV29/DV5	TRAJ49	CSARGLAGILTTDTQYF	TRBV20-1	TRBJ2-3
airr_top	airr_top_409	rank08	CALNDYKLSF	TRAV9-2	TRAJ20	CASSQELNQPQHF	TRBV7-2	TRBJ1-5
airr_top	airr_top_410	rank08	CAENQGTSYGKLTF	TRAV13-2	TRAJ52	CASGYWGSGGPLGEQFF	TRBV12-4	TRBJ2-1
airr_top	airr_top_411	rank08	CAVSSGGYQKVTF	TRAV2	TRAJ13	CASIPPGQRSLAGPYGQFF	TRBV7-9	TRBJ2-1
airr_top	airr_top_412	rank08	CAVETSGSRLTF	TRAV21	TRAJ58	CASSLGGSGMEQFF	TRBV27	TRBJ2-1
airr_top	airr_top_413	rank08	CANRNSGYSTLTF	TRAV12-3	TRAJ11	CASSQTVDTQYF	TRBV7-9	TRBJ2-3
airr_top	airr_top_414	rank08	CALNYGGSQGNLIF	TRAV9-2	TRAJ42	CASSSNRNQPQHF	TRBV12-4	TRBJ1-5
airr_top	airr_top_415	rank08	CAGPNAGGTSYGKLTF	TRAV25	TRAJ52	CAGSLRGANVLTF	TRBV28	TRBJ2-6
airr_top	airr_top_416	rank08	CAYRNSARQLTF	TRAV38-2/DV8	TRAJ22	CASSKGRYGGSYGYTF	TRBV5-6	TRBJ1-2
airr_top	airr_top_417	rank08	CAVTGGGNKLTF	TRAV21	TRAJ10	CASSQDSGGRSNEKLFF	TRBV3-1	TRBJ1-4
airr_top	airr_top_418	rank08	CAVNAGNNRKLIW	TRAV21	TRAJ38	CASSPGDEQYF	TRBV25-1	TRBJ2-7
airr_top	airr_top_419	rank08	CAFMNGGADGLTF	TRAV38-1	TRAJ45	CSGFGTSLQETQYF	TRBV20-1	TRBJ2-5
airr_top	airr_top_420	rank08	CAETSGYSTLTF	TRAV5	TRAJ11	CASSLGSSYEQYF	TRBV7-8	TRBJ2-7
airr_top	airr_top_421	rank08	CARMDSSYKLIF	TRAV1-2	TRAJ12	CASSLGAHSYGYTF	TRBV12-4	TRBJ1-2
airr_top	airr_top_422	rank08	CAANDYKLSF	TRAV13-1	TRAJ20	CASSSKRTGKKSYGYTF	TRBV5-1	TRBJ1-2
airr_top	airr_top_423	rank08	CAASANTGNQFYF	TRAV29/DV5	TRAJ49	CASSLIGTSDRNEQFF	TRBV7-9	TRBJ2-1
airr_top	airr_top_424	rank08	CAASTLDDKIIF	TRAV13-1	TRAJ30	CASSPRLESYEQYF	TRBV27	TRBJ2-7
airr_top	airr_top_425	rank08	CAVELLFSGGYNKLIF	TRAV2	TRAJ4	CASSLGQAYEQYF	TRBV7-8	TRBJ2-7
airr_top	airr_top_426	rank08	CAVRNTGGFKTIF	TRAV1-2	TRAJ9	CASSSPGSEAPYEQYF	TRBV11-1	TRBJ2-7
airr_top	airr_top_427	rank08	CVVNQAGTALIF	TRAV12-1	TRAJ15	CASSVGLTYEQYF	TRBV11-2	TRBJ2-7
airr_top	airr_top_428	rank08	CAVKTGNQFYF	TRAV21	TRAJ49	CASSLQGGNYGYTF	TRBV27	TRBJ1-2
airr_top	airr_top_429	rank08	CAATGGGNKLTF	TRAV13-1	TRAJ10	CASSLVSGTGDLAKNIQYF	TRBV11-2	TRBJ2-4
airr_top	airr_top_430	rank08	CAPNTGGFKTIF	TRAV17	TRAJ9	CASSFDSGREETQYF	TRBV7-2	TRBJ2-5
airr_top	airr_top_431	rank08	CALSDQGGSEKLVF	TRAV9-2	TRAJ57	CASSYPNRWEETQYF	TRBV6-5	TRBJ2-5
airr_top	airr_top_432	rank08	CALNSGGYQKVTF	TRAV9-2	TRAJ13	CSVNTGSGNQPQHF	TRBV29-1	TRBJ1-5
airr_top	airr_top_433	rank08	CAGRSTLGQNFVF	TRAV35	TRAJ26	CASSRGLAGNEQFF	TRBV4-3	TRBJ2-1
airr_top	airr_top_434	rank08	CVHAGGTSYGKLTF	TRAV27	TRAJ52	CASSFGAGYTF	TRBV12-4	TRBJ1-2
airr_top	airr_top_435	rank08	CAYRSPMGNQFYF	TRAV38-2/DV8	TRAJ49	CASSLWGLGDTQYF	TRBV7-2	TRBJ2-3
airr_top	airr_top_436	rank08	CAVEETSGSRLTF	TRAV21	TRAJ58	CASSVRAGGRPGNTIYF	TRBV4-3	TRBJ1-3
airr_top	airr_top_437	rank08	CAALLYNQGGKLIF	TRAV1-1	TRAJ23	CASSQVNPAPSRDEQFF	TRBV3-1	TRBJ2-1
airr_top	airr_top_438	rank08	CAYRSAQGGSEKLVF	TRAV38-2/DV8	TRAJ57	CAWSPWEYEQYF	TRBV30	TRBJ2-7
airr_top	airr_top_439	rank08	CAATGTASKLTF	TRAV13-1	TRAJ44	CASSFGGAGDTQYF	TRBV12-4	TRBJ2-3
airr_top	airr_top_440	rank08	CAYRNYGGSQGNLIF	TRAV38-2/DV8	TRAJ42	CASRTGTGGYEQYF	TRBV27	TRBJ2-7
airr_top	airr_top_441	rank08	CAAPNTGNQFYF	TRAV29/DV5	TRAJ49	CASSLHLGHFYEQYF	TRBV3-1	TRBJ2-7
airr_top	airr_top_442	rank08	CAVAGGTSYGKLTF	TRAV21	TRAJ52	CASRQGLYGYTF	TRBV25-1	TRBJ1-2
airr_top	airr_top_443	rank08	CALSGNDYKLSF	TRAV9-2	TRAJ20	CASSLSRGLLNEQFF	TRBV27	TRBJ2-1
airr_top	airr_top_444	rank08	CAASDSGGSNYKLTF	TRAV29/DV5	TRAJ53	CASSPEEGRVTGYTF	TRBV4-3	TRBJ1-2
airr_top	airr_top_445	rank08	CAASGTGNQFYF	TRAV29/DV5	TRAJ49	CSVLTSGTGKPYEQYF	TRBV29-1	TRBJ2-7
airr_top	airr_top_446	rank08	CAAPNQAGTALIF	TRAV21	TRAJ15	CASSFQGASYNEQFF	TRBV11-2	TRBJ2-1
airr_top	airr_top_447	rank08	CAVSEASGTYKYIF	TRAV8-4	TRAJ40	CASSPRTGREQFF	TRBV4-3	TRBJ2-1
airr_top	airr_top_448	rank08	CAVDDYKLSF	TRAV21	TRAJ20	CSAGQGTYEQYF	TRBV20-1	TRBJ2-7
airr_top	airr_top_449	rank08	CAAKAAGNKLTF	TRAV13-1	TRAJ17	CSASPYNEQFF	TRBV20-1	TRBJ2-1
airr_top	airr_top_450	rank09	CALDNQGGKLIF	TRAV6	TRAJ23	CASSFDKMTGGVYEQYF	TRBV28	TRBJ2-7
airr_top	airr_top_451	rank09	CAASGRVGNTNAGKSTF	TRAV29/DV5	TRAJ27	CASSPYGGGYTF	TRBV12-4	TRBJ1-2
airr_top	airr_top_452	rank09	CAASPDSNYQLIW	TRAV13-1	TRAJ33	CASTFGDTQYF	TRBV25-1	TRBJ2-3
airr_top	airr_top_453	rank09	CAVRGSQGNLIF	TRAV21	TRAJ42	CASSPGTGYEQYF	TRBV2	TRBJ2-7
airr_top	airr_top_454	rank09	CARRLDSGGSNYKLTF	TRAV16	TRAJ53	CASSRERALSSYNEQFF	TRBV21-1	TRBJ2-1
airr_top	airr_top_455	rank09	CAANLSGGYNKLIF	TRAV13-1	TRAJ4	CASSSANYGYTF	TRBV12-4	TRBJ1-2
airr_top	airr_top_456	rank09	CAVRDRDYQLIW	TRAV1-2	TRAJ33	CASGSGSVNEQFF	TRBV27	TRBJ2-1
airr_top	airr_top_457	rank09	CALSGGSYIPTF	TRAV9-2	TRAJ6	CASRPNREGDTQYF	TRBV5-1	TRBJ2-3
airr_top	airr_top_458	rank09	CAVNVVTGGGNKLTF	TRAV8-1	TRAJ10	CASHGDSGREAFF	TRBV6-3	TRBJ1-1
airr_top	airr_top_459	rank09	CAATNTGNQFYF	TRAV13-1	TRAJ49	CASSFTDTQYF	TRBV7-2	TRBJ2-3
airr_top	airr_top_460	rank09	CAVPDSNYQLIW	TRAV1-2	TRAJ33	CASSLSNRMGGTDTQYF	TRBV27	TRBJ2-3
airr_top	airr_top_461	rank09	CAASAGGTSYGKLTF	TRAV29/DV5	TRAJ52	CASSSLGTGFDEQYF	TRBV27	TRBJ2-7
airr_top	airr_top_462	rank09	CAVRDDDYKLSF	TRAV1-2	TRAJ20	CASSLTSGKNEQFF	TRBV14	TRBJ2-1
airr_top	airr_top_463	rank09	CAVYTGGFKTIF	TRAV21	TRAJ9	CASSLVENQPQHF	TRBV11-2	TRBJ1-5
airr_top	airr_top_464	rank09	CAVRNNNARLMF	TRAV21	TRAJ31	CASSLLQGSFMYEQYF	TRBV5-6	TRBJ2-7
airr_top	airr_top_465	rank09	CALSDRSGYSTLTF	TRAV9-2	TRAJ11	CASSRVGFSYNEQFF	TRBV7-9	TRBJ2-1
airr_top	airr_top_466	rank09	CALNAGGTSYGKLTF	TRAV9-2	TRAJ52	CASFGPYNEQFF	TRBV5-6	TRBJ2-1
airr_top	airr_top_467	rank09	CAARDDKIIF	TRAV29/DV5	TRAJ30	CSASQRKGLVNEQFF	TRBV20-1	TRBJ2-1
airr_top	airr_top_468	rank09	CGVRDSNYQLIW	TRAV1-2	TRAJ33	CSASRDIPYEQYF	TRBV20-1	TRBJ2-7
airr_top	airr_top_469	rank09	CAVRDSSYKLIF	TRAV1-2	TRAJ12	CASSSGPNNEQFF	TRBV28	TRBJ2-1
airr_top	airr_top_470	rank09	CAFLIKAAGNKLTF	TRAV24	TRAJ17	CASSLSTGTGVDTQYF	TRBV7-2	TRBJ2-3
airr_top	airr_top_471	rank09	CAYRSGGSNYKLTF	TRAV38-2/DV8	TRAJ53	CASRETGYEQYF	TRBV11-2	TRBJ2-7
airr_top	airr_top_472	rank09	CAVKEGNYQLIW	TRAV1-2	TRAJ33	CASSGLGGTDTQYF	TRBV12-4	TRBJ2-3
airr_top	airr_top_473	rank09	CAYRSANTGNQFYF	TRAV38-2/DV8	TRAJ49	CASSVDSRPDTQYF	TRBV19	TRBJ2-3
airr_top	airr_top_474	rank09	CAASGGYQKVTF	TRAV13-1	TRAJ13	CSVGLLTGYNEQFF	TRBV29-1	TRBJ2-1
airr_top	airr_top_475	rank09	CAAKGMNRDDKIIF	TRAV13-1	TRAJ30	CASSERGDYNEQYF	TRBV27	TRBJ2-7
airr_top	airr_top_476	rank09	CAAGNMEYGNKLVF	TRAV38-2/DV8	TRAJ47	CASSSSGSYNEQFF	TRBV6-6	TRBJ2-1
airr_top	airr_top_477	rank09	CAVRQNFVF	TRAV20	TRAJ26	CSVHSFGETYGYTF	TRBV29-1	TRBJ1-2
airr_top	airr_top_478	rank09	CLVGDTGRRALTF	TRAV4	TRAJ5	CSAPLAGGKITDTQYF	TRBV20-1	TRBJ2-3
airr_top	airr_top_479	rank09	CAARSSGGYNKLIF	TRAV13-1	TRAJ4	CASSELGDSLGGYTF	TRBV25-1	TRBJ1-2
airr_top	airr_top_480	rank09	CAFGSGGYQKVTF	TRAV20	TRAJ13	CASSLARSSSGSPYNEQFF	TRBV5-6	TRBJ2-1
airr_top	airr_top_481	rank09	CAVPDSGGYQKVTF	TRAV20	TRAJ13	CASSQDSGGHYNEQFF	TRBV4-3	TRBJ2-1
airr_top	airr_top_482	rank09	CAAQGGSEKLVF	TRAV21	TRAJ57	CASSYSGQYTDTQYF	TRBV6-5	TRBJ2-3
airr_top	airr_top_483	rank09	CAGLTGNQFYF	TRAV35	TRAJ49	CASRSAGKGGTDTQYF	TRBV25-1	TRBJ2-3
airr_top	airr_top_484	rank09	CVVRGTGRRALTF	TRAV12-1	TRAJ5	CAVRGYQETQYF	TRBV28	TRBJ2-5
airr_top	airr_top_485	rank09	CAVFTGGGNKLTF	TRAV21	TRAJ10	CASSRGWVGDGYTF	TRBV7-9	TRBJ1-2
airr_top	airr_top_486	rank09	CAVRPDRGSTLGRLYF	TRAV21	TRAJ18	CSAKRVGQGAGYTF	TRBV20-1	TRBJ1-2
airr_top	airr_top_487	rank09	CAVNTDKLIF	TRAV21	TRAJ34	CASSHRSLRESNEKLFF	TRBV12-4	TRBJ1-4
airr_top	airr_top_488	rank09	CALNTGFQKLVF	TRAV9-2	TRAJ8	CASSPYGVAQFF	TRBV12-4	TRBJ2-1
airr_top	airr_top_489	rank09	CAVYNTDKLIF	TRAV21	TRAJ34	CASSAGLAVNQETQYF	TRBV12-4	TRBJ2-5
airr_top	airr_top_490	rank09	CALTQGGSEKLVF	TRAV38-2/DV8	TRAJ57	CASSSSYEQYF	TRBV7-2	TRBJ2-7
airr_top	airr_top_491	rank09	CAASGTYKYIF	TRAV29/DV5	TRAJ40	CASMDRGRTDTQYF	TRBV6-1	TRBJ2-3
airr_top	airr_top_492	rank09	CLVDLMDSSYKLIF	TRAV4	TRAJ12	CASKRTSGSTDTQYF	TRBV7-2	TRBJ2-3
airr_top	airr_top_493	rank09	CAVRGNYGQNFVF	TRAV21	TRAJ26	CSAETDFNSYEQYF	TRBV20-1	TRBJ2-7
airr_top	airr_top_494	rank09	CAALYNFNKFYF	TRAV39	TRAJ21	CSARDGAGRPPNYGYTF	TRBV20-1	TRBJ1-2
airr_top	airr_top_495	rank09	CAERGGSQGNLIF	TRAV13-2	TRAJ42	CASSQGYEQYF	TRBV3-1	TRBJ2-7
airr_top	airr_top_496	rank09	CAASEGNKLVF	TRAV13-1	TRAJ47	CASSQEFGTENYEQYF	TRBV4-1	TRBJ2-7
airr_top	airr_top_497	rank09	CAASRNYGQNFVF	TRAV13-1	TRAJ26	CASSLSEGVLDQPQHF	TRBV28	TRBJ1-5
airr_top	airr_top_498	rank09	CAVRDQGGKLIF	TRAV21	TRAJ23	CASRSTGFYNEQYF	TRBV12-4	TRBJ2-7
airr_top	airr_top_499	rank09	CAASSSASKIIF	TRAV13-1	TRAJ3	CASSLVTSGGRPYNEQFF	TRBV7-9	TRBJ2-1
airr_top	airr_top_500	rank10	CAFMKPLFGNEKLTF	TRAV38-1	TRAJ48	CAISEALDPDTQYF	TRBV10-3	TRBJ2-3
airr_top	airr_top_501	rank10	CAFMNPVFGNEKLTF	TRAV38-1	TRAJ48	CASSLGQNTEAFF	TRBV7-8	TRBJ1-1
airr_top	airr_top_502	rank10	CAVEGLTGANNLFF	TRAV21	TRAJ36	CASSSGTSPITGELFF	TRBV27	TRBJ2-2
airr_top	airr_top_503	rank10	CAVLTGGGNKLTF	TRAV21	TRAJ10	CASSLADTQYF	TRBV7-2	TRBJ2-3
airr_top	airr_top_504	rank10	CAPNSGGSNYKLTF	TRAV24	TRAJ53	CASSQAFGGGAGNEQFF	TRBV4-1	TRBJ2-1
airr_top	airr_top_505	rank10	CAETSGSRLTF	TRAV38-2/DV8	TRAJ58	CASSLGRGSYNEQFF	TRBV27	TRBJ2-1
airr_top	airr_top_506	rank10	CATDGGSNYKLTF	TRAV17	TRAJ53	CSVGPGGTGRRGYGYTF	TRBV29-1	TRBJ1-2
airr_top	airr_top_507	rank10	CAFGGGSYIPTF	TRAV38-1	TRAJ6	CASSVDWFGYTF	TRBV9	TRBJ1-2
airr_top	airr_top_508	rank10	CALQGGSEKLVF	TRAV38-2/DV8	TRAJ57	CASSLKETQYF	TRBV7-9	TRBJ2-5
airr_top	airr_top_509	rank10	CAFNQAGTALIF	TRAV24	TRAJ15	CASSVFPGVYSNQPQHF	TRBV10-2	TRBJ1-5
airr_top	airr_top_510	rank10	CAAGGSYIPTF	TRAV17	TRAJ6	CASSRWGSKETQYF	TRBV7-2	TRBJ2-5
airr_top	airr_top_511	rank10	CALIQGAQKLVF	TRAV16	TRAJ54	CASTLGGNTEAFF	TRBV6-5	TRBJ1-1
airr_top	airr_top_512	rank10	CAYRSGVYNSNFGNEKLTF	TRAV38-2/DV8	TRAJ48	CASSPGPQGSNQPQHF	TRBV28	TRBJ1-5
airr_top	airr_top_513	rank10	CVVSDHAGNMLTF	TRAV10	TRAJ39	CASSLEAVNTEAFF	TRBV7-6	TRBJ1-1
airr_top	airr_top_514	rank10	CAYLRGYQKVTF	TRAV38-2/DV8	TRAJ13	CASSLPSGSYNLNYEQYF	TRBV28	TRBJ2-7
airr_top	airr_top_515	rank10	CAASILTGGGNKLTF	TRAV13-1	TRAJ10	CASNPGTGWEKLFF	TRBV28	TRBJ1-4
airr_top	airr_top_516	rank10	CAVRSYNTDKLIF	TRAV41	TRAJ34	CASSIVVSFSSYNEQFF	TRBV19	TRBJ2-1
airr_top	airr_top_517	rank10	CAVLTDSWGKLQF	TRAV1-2	TRAJ24	CSARDHRGQTYEQYF	TRBV20-1	TRBJ2-7
airr_top	airr_top_518	rank10	CAARIYNFNKFYF	TRAV13-1	TRAJ21	CASSLVSGSPFDEQFF	TRBV27	TRBJ2-1
airr_top	airr_top_519	rank10	CAYSGGSNYKLTF	TRAV38-2/DV8	TRAJ53	CASNPQTGTGTYGYTF	TRBV6-5	TRBJ1-2
airr_top	airr_top_520	rank10	CAEIRDTGGFKTIF	TRAV13-2	TRAJ9	CASSYSGGDEQFF	TRBV6-5	TRBJ2-1
airr_top	airr_top_521	rank10	CLRSGTYKYIF	TRAV4	TRAJ40	CSAQRRISNEQFF	TRBV29-1	TRBJ2-1
airr_top	airr_top_522	rank10	CAASINNDMRF	TRAV13-1	TRAJ43	CASSLGPAFYGYTF	TRBV28	TRBJ1-2
airr_top	airr_top_523	rank10	CAVSSNDYKLSF	TRAV1-2	TRAJ20	CASSDLGGGLYEQYF	TRBV25-1	TRBJ2-7
airr_top	airr_top_524	rank10	CAARPYIGNQFYF	TRAV13-1	TRAJ49	CASSQDQQGLEEQYF	TRBV4-3	TRBJ2-7
airr_top	airr_top_525	rank10	CAYGNNDMRF	TRAV38-2/DV8	TRAJ43	CASSFGENLNSGANVLTF	TRBV11-2	TRBJ2-6
airr_top	airr_top_526	rank10	CALTGGGNKLTF	TRAV6	TRAJ10	CASSLYGLAGMETQYF	TRBV11-2	TRBJ2-5
airr_top	airr_top_527	rank10	CAIMDSNYQLIW	TRAV1-2	TRAJ33	CASSYSPGDTEAFF	TRBV6-5	TRBJ1-1
airr_top	airr_top_528	rank10	CLVFKGNTDKLIF	TRAV4	TRAJ34	CATSRDAGETQYF	TRBV15	TRBJ2-5
airr_top	airr_top_529	rank10	CAFMEYGNKLVF	TRAV38-1	TRAJ47	CASSQGLAGVSDTQYF	TRBV4-2	TRBJ2-3
airr_top	airr_top_530	rank10	CAMKGGGKLIF	TRAV12-3	TRAJ23	CASGNKGQGNDEQYF	TRBV12-4	TRBJ2-7
airr_top	airr_top_531	rank10	CAPLYQLIW	TRAV21	TRAJ33	CASSLKRNEQFF	TRBV27	TRBJ2-1
airr_top	airr_top_532	rank10	CAEMRTGNQFYF	TRAV13-2	TRAJ49	CASGGGAQETQYF	TRBV9	TRBJ2-5
airr_top	airr_top_533	rank10	CAVPQGGSEKLVF	TRAV21	TRAJ57	CASTGPRTGLSYEQYF	TRBV28	TRBJ2-7
airr_top	airr_top_534	rank10	CAAGRDDKIIF	TRAV23/DV6	TRAJ30	CASSTAGEGEQFF	TRBV6-4	TRBJ2-1
airr_top	airr_top_535	rank10	CASNTGNQFYF	TRAV38-2/DV8	TRAJ49	CAIRRGGPNEQFF	TRBV10-3	TRBJ2-1
airr_top	airr_top_536	rank10	CAENRGDSSYKLIF	TRAV13-2	TRAJ12	CASSFGDGINSPLHF	TRBV28	TRBJ1-6
airr_top	airr_top_537	rank10	CAVSETSGSRLTF	TRAV20	TRAJ58	CASSLKPWGSNSNQPQHF	TRBV7-8	TRBJ1-5
airr_top	airr_top_538	rank10	CAVRTASNTGNQFYF	TRAV20	TRAJ49	CASSLKKAGVGNEQFF	TRBV7-9	TRBJ2-1
airr_top	airr_top_539	rank10	CAVQAEKGFQKLVF	TRAV20	TRAJ8	CASSLTRGRTDTQYF	TRBV7-6	TRBJ2-3
airr_top	airr_top_540	rank10	CAVFSDGQKLLF	TRAV21	TRAJ16	CSASDSGTAGASKNIQYF	TRBV20-1	TRBJ2-4
airr_top	airr_top_541	rank10	CAVYSGGGADGLTF	TRAV21	TRAJ45	CATSRGIQSGGYNEQFF	TRBV15	TRBJ2-1
airr_top	airr_top_542	rank10	PRAGAQKLVF	TRAV21	TRAJ54	CASSFSGQQGGYTF	TRBV12-4	TRBJ1-2
airr_top	airr_top_543	rank10	CAVLSGGSYIPTF	TRAV21	TRAJ6	CASSRQPRGTSTDTQYF	TRBV11-2	TRBJ2-3
airr_top	airr_top_544	rank10	CAVFDSNYQLIW	TRAV1-2	TRAJ33	CSATNSGWLTDTQYF	TRBV20-1	TRBJ2-3
airr_top	airr_top_545	rank10	CAASGGFGNVLHC	TRAV29/DV5	TRAJ35	CASSQDSTSGRDEQYF	TRBV4-3	TRBJ2-7
airr_top	airr_top_546	rank10	CAVEGETSGSRLTF	TRAV39	TRAJ58	CASSLFWHEQFF	TRBV5-6	TRBJ2-1
airr_top	airr_top_547	rank10	CARGSYDKVIF	TRAV12-3	TRAJ50	CASSLVDRGKTQYF	TRBV11-2	TRBJ2-5
airr_top	airr_top_548	rank10	CAYRSGFGNEKLTF	TRAV38-2/DV8	TRAJ48	CSARVDSFNQPQHF	TRBV20-1	TRBJ1-5
airr_top	airr_top_549	rank10	CAASWDDMRF	TRAV13-1	TRAJ43	CASSQDRRGYTF	TRBV14	TRBJ1-2
airr_top	airr_top_550	rank11	CAGPLMDSNYQLIW	TRAV20	TRAJ33	CASSYLKGLAIAENEQFF	TRBV6-3	TRBJ2-1
airr_top	airr_top_551	rank11	CAVIGSDGQKLLF	TRAV21	TRAJ16	CAIRKSSGVTDTQYF	TRBV10-3	TRBJ2-3
airr_top	airr_top_552	rank11	CAVINSNYQLIW	TRAV1-2	TRAJ33	CASSVVWKAPSTDTQYF	TRBV9	TRBJ2-3
airr_top	airr_top_553	rank11	CAGAEAGGFKTIF	TRAV27	TRAJ9	CASSQDREGNEQFF	TRBV5-1	TRBJ2-1
airr_top	airr_top_554	rank11	CAVFGNTGKLIF	TRAV20	TRAJ37	CASSPQGKDYGYTF	TRBV4-1	TRBJ1-2
airr_top	airr_top_555	rank11	CAAGFEGFGNVLHC	TRAV13-1	TRAJ35	CSATPGGYNEQFF	TRBV20-1	TRBJ2-1
airr_top	airr_top_556	rank11	CVVNRDDKIIF	TRAV12-1	TRAJ30	CASSALQEWEKLFF	TRBV2	TRBJ1-4
airr_top	airr_top_557	rank11	CAAPYSGTYKYIF	TRAV13-1	TRAJ40	CASSFGGPSTDTQYF	TRBV11-2	TRBJ2-3
airr_top	airr_top_558	rank11	CAATTSGTYKYIF	TRAV13-1	TRAJ40	CASTSGGWGYNEQFF	TRBV7-2	TRBJ2-1
airr_top	airr_top_559	rank11	CAETNDYKLSF	TRAV5	TRAJ20	CALGGRLRETQYF	TRBV7-9	TRBJ2-5
airr_top	airr_top_560	rank11	CAYRNISSGSARQLTF	TRAV38-2/DV8	TRAJ22	CASSFSYEQYF	TRBV7-2	TRBJ2-7
airr_top	airr_top_561	rank11	CAASGTGTASKLTF	TRAV29/DV5	TRAJ44	CASTPRAREDLYF	TRBV7-2	TRBJ2-7
airr_top	airr_top_562	rank11	CAVDTGGFKTIF	TRAV21	TRAJ9	CASSLEWALGEQYF	TRBV7-9	TRBJ2-7
airr_top	airr_top_563	rank11	CAASGTSYDKVIF	TRAV13-1	TRAJ50	CASIYTGLGTEAFF	TRBV5-5	TRBJ1-1
airr_top	airr_top_564	rank11	CALRDDKIIF	TRAV9-2	TRAJ30	CASRQNGLYAEAFF	TRBV12-4	TRBJ1-1
airr_top	airr_top_565	rank11	CAASKWNFNKFYF	TRAV13-1	TRAJ21	CASSDSGTDTQYF	TRBV6-4	TRBJ2-3
airr_top	airr_top_566	rank11	CGTEVGNEKLTF	TRAV30	TRAJ48	CASSPRATGAVYGYTF	TRBV4-3	TRBJ1-2
airr_top	airr_top_567	rank11	CAVKEGAQKLVF	TRAV23/DV6	TRAJ54	CASSATSEDEQFF	TRBV27	TRBJ2-1
airr_top	airr_top_568	rank11	CAYRSKGGGADGLTF	TRAV38-2/DV8	TRAJ45	CASSPGQLDSNQPQHF	TRBV7-9	TRBJ1-5
airr_top	airr_top_569	rank11	CAVSDGQKLLF	TRAV1-1	TRAJ16	CASSQVNPAPSRDEQYF	TRBV3-1	TRBJ2-7
airr_top	airr_top_570	rank11	CAMSASLNDYKLSF	TRAV12-3	TRAJ20	CAISESPGLGTDTQYF	TRBV10-3	TRBJ2-3
airr_top	airr_top_571	rank11	CAAAGGTSYGKLTF	TRAV29/DV5	TRAJ52	CASSVDGGSGANVLTF	TRBV4-3	TRBJ2-6
airr_top	airr_top_572	rank11	CASLDSSYKLIF	TRAV1-2	TRAJ12	CASSPGQGLWGYTF	TRBV18	TRBJ1-2
airr_top	airr_top_573	rank11	CAGARAGGTSYGKLTF	TRAV27	TRAJ52	CSAPPGTGVSPLHF	TRBV20-1	TRBJ1-6
airr_top	airr_top_574	rank11	CAVSNTGFQKLVF	TRAV12-2	TRAJ8	CASSLGPLDLYYEQYF	TRBV5-1	TRBJ2-7
airr_top	airr_top_575	rank11	CAVHGSSNTGKLIF	TRAV21	TRAJ37	CASSLAKVADGLGGYTF	TRBV7-2	TRBJ1-2
airr_top	airr_top_576	rank11	CAVNNARLMF	TRAV12-2	TRAJ31	CASSLERRGYNEQFF	TRBV7-6	TRBJ2-1
airr_top	airr_top_577	rank11	CVVTDRGSTLGRLYF	TRAV10	TRAJ18	CATHDGNTGELFF	TRBV24-1	TRBJ2-2
airr_top	airr_top_578	rank11	CAVRDRNYQLIW	TRAV1-2	TRAJ33	CASSFASDGTYEQYF	TRBV7-2	TRBJ2-7
airr_top	airr_top_579	rank11	CAASRGSSNTGKLIF	TRAV23/DV6	TRAJ37	CSARDLAGPSYEQYF	TRBV20-1	TRBJ2-7
airr_top	airr_top_580	rank11	CAVAASGSRLTF	TRAV20	TRAJ58	CSVWGTGFSYEQYF	TRBV29-1	TRBJ2-7
airr_top	airr_top_581	rank11	CAVEYGNKLVF	TRAV21	TRAJ47	CSVRRSEVLGGIMGSYNEQFF	TRBV29-1	TRBJ2-1
airr_top	airr_top_582	rank11	CAVTSGATNKLIF	TRAV13-1	TRAJ32	CASSNGYNEQFF	TRBV19	TRBJ2-1
airr_top	airr_top_583	rank11	CAVNSGYSTLTF	TRAV21	TRAJ11	CASSAGTSGVRDTQYF	TRBV9	TRBJ2-3
airr_top	airr_top_584	rank11	CAVRDSMDSSYKLIF	TRAV20	TRAJ12	CAISESLGEQFF	TRBV10-3	TRBJ2-1
airr_top	airr_top_585	rank11	CAVSGGGADGLTF	TRAV21	TRAJ45	CATRGGFHNEQFF	TRBV28	TRBJ2-1
airr_top	airr_top_586	rank11	CAVNNNARLMF	TRAV21	TRAJ31	CASSGGDTDINEQFF	TRBV10-2	TRBJ2-1
airr_top	airr_top_587	rank11	CVARVTGGSYIPTF	TRAV12-1	TRAJ6	CASSQDPGRNEQYF	TRBV4-1	TRBJ2-7
airr_top	airr_top_588	rank11	CAVREDSNYQLIW	TRAV21	TRAJ33	CATSRDSGLAGYNEQFF	TRBV15	TRBJ2-1
airr_top	airr_top_589	rank11	CVVNTNAGKSTF	TRAV12-1	TRAJ27	CASSPLERGTEQFF	TRBV28	TRBJ2-1
airr_top	airr_top_590	rank11	CAGAGGSQGNLIF	TRAV27	TRAJ42	CASSLTGNWWSYEQYF	TRBV11-1	TRBJ2-7
airr_top	airr_top_591	rank11	CAGGGSNYKLTF	TRAV27	TRAJ53	CASSYPLGGGGNTDTQYF	TRBV7-9	TRBJ2-3
airr_top	airr_top_592	rank11	CALNRDDKIIF	TRAV9-2	TRAJ30	CATSDLTTGNTGELFF	TRBV24-1	TRBJ2-2
airr_top	airr_top_593	rank11	CAVSSGSARQLTF	TRAV13-2	TRAJ22	CASRPGQGGSPLHF	TRBV28	TRBJ1-6
airr_top	airr_top_594	rank11	CALQTGANNLFF	TRAV9-2	TRAJ36	CASSLGDQPQHF	TRBV7-9	TRBJ1-5
airr_top	airr_top_595	rank11	CAVEFSDGQKLLF	TRAV21	TRAJ16	CASSPVPGLAYVEQFF	TRBV14	TRBJ2-1
airr_top	airr_top_596	rank11	CAVDTSYGKLTF	TRAV39	TRAJ52	CASSYDRSGEQYF	TRBV7-6	TRBJ2-7
airr_top	airr_top_597	rank11	CAVDESNTGFQKLVF	TRAV2	TRAJ8	CSVDSGTGALTQYF	TRBV29-1	TRBJ2-3
airr_top	airr_top_598	rank11	CAVSQGAQKLVF	TRAV21	TRAJ54	CASSWGWVSNEQFF	TRBV6-5	TRBJ2-1
airr_top	airr_top_599	rank11	CAVSGGSNYKLTF	TRAV21	TRAJ53	CASSFPLQYEQYF	TRBV7-9	TRBJ2-7
airr_top	airr_top_600	rank12	CAGDHNQGGKLIF	TRAV27	TRAJ23	CASSYDTSGHSDTQYF	TRBV6-3	TRBJ2-3
airr_top	airr_top_601	rank12	CATPPSYNTDKLIF	TRAV24	TRAJ34	CASRSTGFYNEQFF	TRBV12-4	TRBJ2-1
airr_top	airr_top_602	rank12	CAVYSSASKIIF	TRAV21	TRAJ3	CASSYLAGGVTDTQYF	TRBV6-5	TRBJ2-3
airr_top	airr_top_603	rank12	CATRPEVSDGQKLLF	TRAV17	TRAJ16	CASSPHWGDFNTDTQYF	TRBV3-1	TRBJ2-3
airr_top	airr_top_604	rank12	CAYTDSGYALNF	TRAV38-2/DV8	TRAJ41	CASSPGLAVQETQYF	TRBV7-9	TRBJ2-5
airr_top	airr_top_605	rank12	CALRGGGSYIPTF	TRAV9-2	TRAJ6	CASTGSEGEETQYF	TRBV10-2	TRBJ2-5
airr_top	airr_top_606	rank12	CALPAGNTPLVF	TRAV12-3	TRAJ29	CASSLGIHYEQYF	TRBV28	TRBJ2-7
airr_top	airr_top_607	rank12	CAYNTDKLIF	TRAV38-2/DV8	TRAJ34	CASSQRGTGELFF	TRBV28	TRBJ2-2
airr_top	airr_top_608	rank12	CAGPNYGGSQGNLIF	TRAV21	TRAJ42	CASSPRDYPINEQFF	TRBV13	TRBJ2-1
airr_top	airr_top_609	rank12	CAVRNSGNTPLVF	TRAV21	TRAJ29	CASSIAGTEKETQYF	TRBV5-1	TRBJ2-5
airr_top	airr_top_610	rank12	CAYRNRGGSNYKLTF	TRAV38-2/DV8	TRAJ53	CATSSSLNYNEQFF	TRBV24-1	TRBJ2-1
airr_top	airr_top_611	rank12	CAASSGPFSWGKLQF	TRAV13-1	TRAJ24	CASSPPTSGGGNEQFF	TRBV18	TRBJ2-1
airr_top	airr_top_612	rank12	CAYTGTASKLTF	TRAV38-2/DV8	TRAJ44	CASSLPGFYNEQFF	TRBV7-2	TRBJ2-1
airr_top	airr_top_613	rank12	CAVRAAGNKLTF	TRAV1-2	TRAJ17	CASSPTPDNHEQYF	TRBV18	TRBJ2-7
airr_top	airr_top_614	rank12	CALLTLGFGNVLHC	TRAV9-2	TRAJ35	CSVEIWDSSYNEQFF	TRBV29-1	TRBJ2-1
airr_top	airr_top_615	rank12	CALSDRVGDTGNQFYF	TRAV9-2	TRAJ49	CASIGPAEAFF	TRBV6-5	TRBJ1-1
airr_top	airr_top_616	rank12	CATGTGRRALTF	TRAV17	TRAJ5	CASSMGHNEQYF	TRBV9	TRBJ2-7
airr_top	airr_top_617	rank12	CARQGGSEKLVF	TRAV38-2/DV8	TRAJ57	CASSPGLAGKTDTQYF	TRBV13	TRBJ2-3
airr_top	airr_top_618	rank12	CAASANDYKLSF	TRAV29/DV5	TRAJ20	CASSEDRGPTDTQYF	TRBV25-1	TRBJ2-3
airr_top	airr_top_619	rank12	CALSGSARQLTF	TRAV38-2/DV8	TRAJ22	CASSSEGGNEQFF	TRBV7-9	TRBJ2-1
airr_top	airr_top_620	rank12	CLVGDQRVGKLIF	TRAV4	TRAJ23	CASSQDRAGRDPAFF	TRBV4-3	TRBJ1-1
airr_top	airr_top_621	rank12	CATDRGSTLGRLYF	TRAV17	TRAJ18	CASSGQGKSYGYTF	TRBV6-3	TRBJ1-2
airr_top	airr_top_622	rank12	CVFSGGSNYKLTF	TRAV38-2/DV8	TRAJ53	CSARDVGTWGSNEQFF	TRBV20-1	TRBJ2-1
airr_top	airr_top_623	rank12	CAVSDTNAGKSTF	TRAV21	TRAJ27	CASRSSGSPSYEQYF	TRBV28	TRBJ2-7
airr_top	airr_top_624	rank12	CAASNTGTASKLTF	TRAV13-1	TRAJ44	CATTVGRGESYEQYF	TRBV7-8	TRBJ2-7
airr_top	airr_top_625	rank12	CAVTNAGGTSYGKLTF	TRAV21	TRAJ52	CASSLSGRAYEQYF	TRBV5-1	TRBJ2-7
airr_top	airr_top_626	rank12	CAALNAGNMLTF	TRAV23/DV6	TRAJ39	CASSYSREPSYNEQFF	TRBV6-3	TRBJ2-1
airr_top	airr_top_627	rank12	CAAPPGYSSASKIIF	TRAV23/DV6	TRAJ3	CASTGTSGSSNEQFF	TRBV2	TRBJ2-1
airr_top	airr_top_628	rank12	CAVQAPFNKFYF	TRAV20	TRAJ21	CASSWGLAGQYNEQFF	TRBV27	TRBJ2-1
airr_top	airr_top_629	rank12	CAEDNNARLMF	TRAV5	TRAJ31	CASSLWGRGGFYYNEQFF	TRBV5-4	TRBJ2-1
airr_top	airr_top_630	rank12	CAGGGSQGNLIF	TRAV27	TRAJ42	CASSPGLAVTDTQYF	TRBV7-2	TRBJ2-3
airr_top	airr_top_631	rank12	CAYKTGSARQLTF	TRAV38-2/DV8	TRAJ22	CASSHGLLIYTDTQYF	TRBV12-4	TRBJ2-3
airr_top	airr_top_632	rank12	CAALSGGSYIPTF	TRAV13-1	TRAJ6	CSVDLVGPLDNEQFF	TRBV29-1	TRBJ2-1
airr_top	airr_top_633	rank12	CAVLTGTASKLTF	TRAV13-2	TRAJ44	CASSVALAKNIQYF	TRBV7-2	TRBJ2-4
airr_top	airr_top_634	rank12	CALNTNAGKSTF	TRAV9-2	TRAJ27	CASSLDRGDYEQYF	TRBV12-4	TRBJ2-7
airr_top	airr_top_635	rank12	CAASPLRGNQFYF	TRAV29/DV5	TRAJ49	CASSPGAVTEAFF	TRBV6-6	TRBJ1-1
airr_top	airr_top_636	rank12	CIGPLYNFNKFYF	TRAV26-1	TRAJ21	CASSQVRGEKLFF	TRBV3-1	TRBJ1-4
airr_top	airr_top_637	rank12	CAYNQGGKLIF	TRAV38-2/DV8	TRAJ23	CASSLVYGVAGNTIYF	TRBV7-2	TRBJ1-3
airr_top	airr_top_638	rank12	CAVSGGYQKVTF	TRAV9-2	TRAJ13	CASSLSQPLTRLGPNYGYTF	TRBV27	TRBJ1-2
airr_top	airr_top_639	rank12	CAFTSGTYKYIF	TRAV38-1	TRAJ40	CATRRQVFNSPLHF	TRBV28	TRBJ1-6
airr_top	airr_top_640	rank12	CAVMEYGNKLVF	TRAV21	TRAJ47	CASSLGGTGRFPHCTF	TRBV7-2	TRBJ1-2
airr_top	airr_top_641	rank12	CDNNNDMRF	TRAV16	TRAJ43	CASSQGLDTSEQYF	TRBV2	TRBJ2-7
airr_top	airr_top_642	rank12	CGTEIVDTGNQFYF	TRAV30	TRAJ49	CASSEGPLEQFF	TRBV7-9	TRBJ2-1
airr_top	airr_top_643	rank12	CAARTPGGYNKLIF	TRAV13-1	TRAJ4	CASSRRTGVSYEQYF	TRBV11-1	TRBJ2-7
airr_top	airr_top_644	rank12	CAMISLSGTYKYIF	TRAV12-3	TRAJ40	CASTETGYNEQFF	TRBV7-2	TRBJ2-1
airr_top	airr_top_645	rank12	CAVASGGSYIPTF	TRAV21	TRAJ6	CASSLDGRQRETQYF	TRBV11-2	TRBJ2-5
airr_top	airr_top_646	rank12	CAGPTSGTYKYIF	TRAV25	TRAJ40	CSARGDRGAGYEQYF	TRBV20-1	TRBJ2-7
airr_top	airr_top_647	rank12	CAVYNQGGKLIF	TRAV21	TRAJ23	CAWSASYEQYF	TRBV30	TRBJ2-7
airr_top	airr_top_648	rank12	CAASERGSTLGRLYF	TRAV29/DV5	TRAJ18	CASSANDEQYF	TRBV5-1	TRBJ2-7
airr_top	airr_top_649	rank12	CAYGGSQGNLIF	TRAV38-2/DV8	TRAJ42	CASSYSGADEQFF	TRBV6-5	TRBJ2-1
airr_top	airr_top_650	rank13	CAEVDSNYQLIW	TRAV1-2	TRAJ33	CASSYQKPGLVNEQFF	TRBV2	TRBJ2-1
airr_top	airr_top_651	rank13	CAYRSADWGRDSSYKLIF	TRAV38-2/DV8	TRAJ12	CASSSSGSYNEQYF	TRBV6-6	TRBJ2-7
airr_top	airr_top_652	rank13	CALQGAQKLVF	TRAV20	TRAJ54	CASSWGFTDTQYF	TRBV7-8	TRBJ2-3
airr_top	airr_top_653	rank13	CVVNTGNQFYF	TRAV12-1	TRAJ49	CASSHDTGVTGELFF	TRBV4-3	TRBJ2-2
airr_top	airr_top_654	rank13	CVAMDSNYQLIW	TRAV1-2	TRAJ33	CSVESGPWSGYTF	TRBV29-1	TRBJ1-2
airr_top	airr_top_655	rank13	CAMREGRGVGNQFYF	TRAV14/DV4	TRAJ49	CASSLGSYEQYF	TRBV7-9	TRBJ2-7
airr_top	airr_top_656	rank13	CAVSGTYKYIF	TRAV21	TRAJ40	CASSSPGTSGTDTQYF	TRBV27	TRBJ2-3
airr_top	airr_top_657	rank13	CAANTGTASKLTF	TRAV13-1	TRAJ44	CASSLGVGTGAREQFF	TRBV5-1	TRBJ2-1
airr_top	airr_top_658	rank13	CAASNNAGNMLTF	TRAV13-1	TRAJ39	CASSAELAGGPYEQYF	TRBV12-4	TRBJ2-7
airr_top	airr_top_659	rank13	CVLMDSNYQLIW	TRAV1-2	TRAJ33	CSVEGGQTYEQYF	TRBV29-1	TRBJ2-7
airr_top	airr_top_660	rank13	CAVSNTGNQFYF	TRAV21	TRAJ49	CASRKQGSETQYF	TRBV5-1	TRBJ2-5
airr_top	airr_top_661	rank13	CAATLTGNQFYF	TRAV29/DV5	TRAJ49	CASSAQVGLATDTQYF	TRBV9	TRBJ2-3
airr_top	airr_top_662	rank13	CAASSGGYNKLIF	TRAV13-2	TRAJ4	CSARRWRGDSYEQYF	TRBV20-1	TRBJ2-7
airr_top	airr_top_663	rank13	CAASGGGSYIPTF	TRAV13-1	TRAJ6	CASSLVWTGSGNEQFF	TRBV7-9	TRBJ2-1
airr_top	airr_top_664	rank13	CATEGDSGYSTLTF	TRAV17	TRAJ11	CASSQILIHPSYNEQFF	TRBV4-1	TRBJ2-1
airr_top	airr_top_665	rank13	CALGDSNYQLIW	TRAV9-2	TRAJ33	CASSPQTGGQSYEQYF	TRBV27	TRBJ2-7
airr_top	airr_top_666	rank13	CAASSNDYKLSF	TRAV13-1	TRAJ20	CASSLSTDTQYF	TRBV5-1	TRBJ2-3
airr_top	airr_top_667	rank13	CAENTGNQFYF	TRAV13-2	TRAJ49	CASSVAPAEQFF	TRBV10-2	TRBJ2-1
airr_top	airr_top_668	rank13	CAVRSTDRGSTLGRLYF	TRAV41	TRAJ18	CASSRDYFDEQFF	TRBV2	TRBJ2-1
airr_top	airr_top_669	rank13	CAASRDDKIIF	TRAV23/DV6	TRAJ30	CASSEGARVLFYEQYF	TRBV2	TRBJ2-7
airr_top	airr_top_670	rank13	CAAGGYQKVTF	TRAV25	TRAJ13	CASSVGQGNYEQYF	TRBV7-8	TRBJ2-7
airr_top	airr_top_671	rank13	CAASITGNQFYF	TRAV13-1	TRAJ49	CASDTSGSYNSPLHF	TRBV6-6	TRBJ1-6
airr_top	airr_top_672	rank13	CVVIRDARLMF	TRAV12-1	TRAJ31	CASSSYEQYF	TRBV28	TRBJ2-7
airr_top	airr_top_673	rank13	CAADSNYQLIW	TRAV29/DV5	TRAJ33	CSARVLVASYNSPLHF	TRBV20-1	TRBJ1-6
airr_top	airr_top_674	rank13	CAVQAGAGGSYIPTF	TRAV20	TRAJ6	CASSLASGDFDTQYF	TRBV7-2	TRBJ2-3
airr_top	airr_top_675	rank13	CATGGGSNYKLTF	TRAV17	TRAJ53	CASSSGLAGGRETQYF	TRBV5-1	TRBJ2-5
airr_top	airr_top_676	rank13	CAASDRGSTLGRLYF	TRAV29/DV5	TRAJ18	CAVADRYNEQFF	TRBV2	TRBJ2-1
airr_top	airr_top_677	rank13	CAGQGGSEKLVF	TRAV35	TRAJ57	CAIRTGTHNEQFF	TRBV10-3	TRBJ2-1
airr_top	airr_top_678	rank13	CAPHYIPTF	TRAV16	TRAJ6	CASSLEANEKLFF	TRBV7-2	TRBJ1-4
airr_top	airr_top_679	rank13	CATEEDFGNEKLTF	TRAV17	TRAJ48	CSAGKRSTGANPSGTNEQFF	TRBV20-1	TRBJ2-1
airr_top	airr_top_680	rank13	CAAHLTITGGGNKLTF	TRAV20	TRAJ10	CASSVEGGYEQFF	TRBV9	TRBJ2-1
airr_top	airr_top_681	rank13	CAYRSNFGNEKLTF	TRAV38-2/DV8	TRAJ48	CSVEEGLGRAETQYF	TRBV29-1	TRBJ2-5
airr_top	airr_top_682	rank13	CAFMKQTGTYKYIF	TRAV38-1	TRAJ40	CASSLADYGYTF	TRBV7-2	TRBJ1-2
airr_top	airr_top_683	rank13	CAVGGSNYKLTF	TRAV36/DV7	TRAJ53	CASARLNNEQFF	TRBV7-8	TRBJ2-1
airr_top	airr_top_684	rank13	CAVIRMDSSYKLIF	TRAV21	TRAJ12	CASSVEDNYGYTF	TRBV9	TRBJ1-2
airr_top	airr_top_685	rank13	CAVTGANSKLTF	TRAV21	TRAJ56	CASSVDGTPQETQYF	TRBV9	TRBJ2-5
airr_top	airr_top_686	rank13	CAAYSGAGSYQLTF	TRAV13-1	TRAJ28	CASSVAGGPYEQFF	TRBV9	TRBJ2-1
airr_top	airr_top_687	rank13	CAYQGGSEKLVF	TRAV38-2/DV8	TRAJ57	CASSLGRRLAGEGETQYF	TRBV5-1	TRBJ2-5
airr_top	airr_top_688	rank13	CAYKVVKAAGNKLTF	TRAV38-2/DV8	TRAJ17	CASGGGSWTANSPLHF	TRBV13	TRBJ1-6
airr_top	airr_top_689	rank13	CAGAYNNNDMRF	TRAV27	TRAJ43	CAISESGGVREAFTEAFF	TRBV10-3	TRBJ1-1
airr_top	airr_top_690	rank13	CALTGGFKTIF	TRAV9-2	TRAJ9	CATSGGYSYEQYF	TRBV15	TRBJ2-7
airr_top	airr_top_691	rank13	CAASIVDRDDKIIF	TRAV13-1	TRAJ30	CASSLYNEQFF	TRBV27	TRBJ2-1
airr_top	airr_top_692	rank13	CAGARGGSNYKLTF	TRAV27	TRAJ53	CASSLYRGEKLFF	TRBV12-4	TRBJ1-4
airr_top	airr_top_693	rank13	CALYTGGFKTIF	TRAV9-2	TRAJ9	CASSAGTGTYGYTF	TRBV10-2	TRBJ1-2
airr_top	airr_top_694	rank13	CAVGETSGSRLTF	TRAV22	TRAJ58	CASSYSSRYEQYF	TRBV6-5	TRBJ2-7
airr_top	airr_top_695	rank13	CAESRRGSQGNLIF	TRAV13-2	TRAJ42	CASSYMSSGYNEQFF	TRBV6-6	TRBJ2-1
airr_top	airr_top_696	rank13	CAYRPRDDKIIF	TRAV38-2/DV8	TRAJ30	CAISLGQGTYGYTF	TRBV10-3	TRBJ1-2
airr_top	airr_top_697	rank13	CVVNPMTTDSWGKLQF	TRAV12-1	TRAJ24	CASSQDGSGANVLTF	TRBV4-2	TRBJ2-6
airr_top	airr_top_698	rank13	CAMSEIPRIQKLVF	TRAV12-3	TRAJ54	CSARDHQRGDSGEQFF	TRBV20-1	TRBJ2-1
airr_top	airr_top_699	rank13	CAVLPMEYGNKLVF	TRAV20	TRAJ47	CASMRPGSPLHF	TRBV13	TRBJ1-6
airr_top	airr_top_700	rank14	CAVLSGGYNKLIF	TRAV20	TRAJ4	CASSLGVYNEQFF	TRBV7-6	TRBJ2-1
airr_top	airr_top_701	rank14	CAVSNFGNEKLTF	TRAV21	TRAJ48	CSARDWVAGVHEQFF	TRBV20-1	TRBJ2-1
airr_top	airr_top_702	rank14	CAVDTGTASKLTF	TRAV41	TRAJ44	CASSSGGTGTTEAFF	TRBV7-9	TRBJ1-1
airr_top	airr_top_703	rank14	CLVGDIDNQGGKLIF	TRAV4	TRAJ23	CASSLETSGGLETQYF	TRBV27	TRBJ2-5
airr_top	airr_top_704	rank14	CAGNAGGTSYGKLTF	TRAV35	TRAJ52	CASSLDYGYTF	TRBV25-1	TRBJ1-2
airr_top	airr_top_705	rank14	CAAGGGADGLTF	TRAV13-1	TRAJ45	CASSQDRITQYF	TRBV14	TRBJ2-3
airr_top	airr_top_706	rank14	CAVYGGATNKLIF	TRAV21	TRAJ32	CASSQVAGGIHNEQFF	TRBV3-1	TRBJ2-1
airr_top	airr_top_707	rank14	CAVPFSGGYNKLIF	TRAV2	TRAJ4	CATSDSPDRGNEAFF	TRBV24-1	TRBJ1-1
airr_top	airr_top_708	rank14	CAVTTDSWGKLQF	TRAV21	TRAJ24	CASSESGIQSHYEQYF	TRBV2	TRBJ2-7
airr_top	airr_top_709	rank14	CAASLTGTASKLTF	TRAV29/DV5	TRAJ44	CASSQDRATAGGYTF	TRBV4-3	TRBJ1-2
airr_top	airr_top_710	rank14	CAENTGTASKLTF	TRAV13-2	TRAJ44	CSGLPLATDTQYF	TRBV20-1	TRBJ2-3
airr_top	airr_top_711	rank14	CAVGNNARLMF	TRAV21	TRAJ31	CSAPWTGYSYEQYF	TRBV20-1	TRBJ2-7
airr_top	airr_top_712	rank14	CALHGSSNTGKLIF	TRAV9-2	TRAJ37	CASSLGGLREQFF	TRBV7-2	TRBJ2-1
airr_top	airr_top_713	rank14	CAASSGGYQKVTF	TRAV13-1	TRAJ13	CASSYSYEQYF	TRBV6-3	TRBJ2-7
airr_top	airr_top_714	rank14	CAALNQAGTALIF	TRAV21	TRAJ15	CASSLSAGVMDEQFF	TRBV27	TRBJ2-1
airr_top	airr_top_715	rank14	CAESIEERMRF	TRAV5	TRAJ43	CASNVGRETQYF	TRBV28	TRBJ2-5
airr_top	airr_top_716	rank14	CAASARETSGSRLTF	TRAV29/DV5	TRAJ58	CASRALSYNEQFF	TRBV7-2	TRBJ2-1
airr_top	airr_top_717	rank14	CAPSDSNYQLIW	TRAV1-2	TRAJ33	CSADPGTGGVGYTF	TRBV20-1	TRBJ1-2
airr_top	airr_top_718	rank14	CAVPMDSNYQLIW	TRAV39	TRAJ33	CSARGHASYEQYF	TRBV20-1	TRBJ2-7
airr_top	airr_top_719	rank14	CAYRSTTSGTYKYIF	TRAV38-2/DV8	TRAJ40	CASSSTDTQYF	TRBV7-2	TRBJ2-3
airr_top	airr_top_720	rank14	CAASIQGAQKLVF	TRAV13-1	TRAJ54	CASSHQAPEAFF	TRBV7-9	TRBJ1-1
airr_top	airr_top_721	rank14	CALIKAAGNKLTF	TRAV9-2	TRAJ17	CASSLLAGGYTDTQYF	TRBV27	TRBJ2-3
airr_top	airr_top_722	rank14	CAFRLPGGSQGNLIF	TRAV38-1	TRAJ42	CASSLVTVLFSYEQYF	TRBV28	TRBJ2-7
airr_top	airr_top_723	rank14	CAVLSGSARQLTF	TRAV21	TRAJ22	CASSQTSGPADTQYF	TRBV12-4	TRBJ2-3
airr_top	airr_top_724	rank14	CAASGGGADGLTF	TRAV29/DV5	TRAJ45	CSVSTSEETQYF	TRBV29-1	TRBJ2-5
airr_top	airr_top_725	rank14	CAFNAGNNRKLIW	TRAV24	TRAJ38	CASSFGTGHEQFF	TRBV12-4	TRBJ2-1
airr_top	airr_top_726	rank14	CAASEGTDKLIF	TRAV29/DV5	TRAJ34	CASSLRGNEQFF	TRBV11-3	TRBJ2-1
airr_top	airr_top_727	rank14	CVVIPNTGGFKTIF	TRAV12-1	TRAJ9	CASSLLREQNNEQFF	TRBV5-1	TRBJ2-1
airr_top	airr_top_728	rank14	CAVQETSGSRLTF	TRAV20	TRAJ58	CASSQGLAGSEQFF	TRBV4-1	TRBJ2-1
airr_top	airr_top_729	rank14	CALSSGGSYIPTF	TRAV9-2	TRAJ6	CASATDNNEQFF	TRBV30	TRBJ2-1
airr_top	airr_top_730	rank14	CAVRGYNKLIF	TRAV21	TRAJ4	CAISESTLAGAPDEQYF	TRBV10-3	TRBJ2-3
airr_top	airr_top_731	rank14	CAARGGSNYKLTF	TRAV29/DV5	TRAJ53	CASSQTSSSSYNEQFF	TRBV3-1	TRBJ2-1
airr_top	airr_top_732	rank14	CAASSGGSYIPTF	TRAV13-1	TRAJ6	CASSFPQTSRSKNIQYF	TRBV13	TRBJ2-4
airr_top	airr_top_733	rank14	CAAVGRGSSNTGKLIF	TRAV13-1	TRAJ37	CASSPRTSGRALDTGELFF	TRBV7-8	TRBJ2-2
airr_top	airr_top_734	rank14	CAVRGNEGQTGANNLFF	TRAV1-2	TRAJ36	CSAPNEAGELFF	TRBV20-1	TRBJ2-2
airr_top	airr_top_735	rank14	CALFSGGYNKLIF	TRAV9-2	TRAJ4	CAWTPLGSSYEQYF	TRBV30	TRBJ2-7
airr_top	airr_top_736	rank14	CAASSGAGSYQLTF	TRAV29/DV5	TRAJ28	CASSQEVQDYQFF	TRBV3-1	TRBJ2-1
airr_top	airr_top_737	rank14	CAAPTGGGNKLTF	TRAV13-1	TRAJ10	CASSQDSYEQYF	TRBV11-2	TRBJ2-7
airr_top	airr_top_738	rank14	CAFMNPIYNNNDMRF	TRAV38-1	TRAJ43	CASSAFTGVGQPQHF	TRBV9	TRBJ1-5
airr_top	airr_top_739	rank14	CALNTGTASKLTF	TRAV12-3	TRAJ44	CASSESGYQETQYF	TRBV10-2	TRBJ2-5
airr_top	airr_top_740	rank14	CAASRTGNQFYF	TRAV20	TRAJ49	CASSENTQGARNEQFF	TRBV10-1	TRBJ2-1
airr_top	airr_top_741	rank14	CAASAQGGSEKLVF	TRAV29/DV5	TRAJ57	CASSESTPNTEAFF	TRBV10-1	TRBJ1-1
airr_top	airr_top_742	rank14	CVVNDYGGSQGNLIF	TRAV12-1	TRAJ42	CSARDIGPGTSGRAFSGTTDTQYF	TRBV20-1	TRBJ2-3
airr_top	airr_top_743	rank14	CAVNNSWGKLQF	TRAV12-2	TRAJ24	CASSLGGNEQFF	TRBV5-1	TRBJ2-1
airr_top	airr_top_744	rank14	CAVNIGSGTYKYIF	TRAV12-2	TRAJ40	CATTPSRGGEAFF	TRBV24-1	TRBJ1-1
airr_top	airr_top_745	rank14	CAVQGYSGGGADGLTF	TRAV20	TRAJ45	CASSPGGSTGNDEKLFF	TRBV5-1	TRBJ1-4
airr_top	airr_top_746	rank14	CAMEYGNKLVF	TRAV38-2/DV8	TRAJ47	CASSQDVGTVSYEQYF	TRBV4-1	TRBJ2-7
airr_top	airr_top_747	rank14	CAVDNAGNMLTF	TRAV21	TRAJ39	CASSQRGDRQLSIQYF	TRBV3-1	TRBJ2-4
airr_top	airr_top_748	rank14	CARSTLTF	TRAV13-2	TRAJ11	CASSPPGLRGYTF	TRBV28	TRBJ1-2
airr_top	airr_top_749	rank14	CAYRSANFGNEKLTF	TRAV38-2/DV8	TRAJ48	CATSDPGTGHQPQHF	TRBV24-1	TRBJ1-5
airr_top	airr_top_750	rank15	CAVYNNNDMRF	TRAV21	TRAJ43	CASSLQGTYEQYF	TRBV27	TRBJ2-7
airr_top	airr_top_751	rank15	CVVNTGGFKTIF	TRAV12-1	TRAJ9	CASSQESGFTNYGYTF	TRBV4-3	TRBJ1-2
airr_top	airr_top_752	rank15	CAYRNTGNQFYF	TRAV38-2/DV8	TRAJ49	CASSLRLASNTDTQYF	TRBV7-2	TRBJ2-3
airr_top	airr_top_753	rank15	CAVRDKLGRLMF	TRAV1-2	TRAJ31	CASSFSGDYQETQYF	TRBV7-9	TRBJ2-5
airr_top	airr_top_754	rank15	CAASAGNQFYF	TRAV29/DV5	TRAJ49	CASSPMRSISYEQYF	TRBV28	TRBJ2-7
airr_top	airr_top_755	rank15	CAYRSAVNSGGSNYKLTF	TRAV38-2/DV8	TRAJ53	CASSPGDEQFF	TRBV25-1	TRBJ2-1
airr_top	airr_top_756	rank15	CAEIPYNFNKFYF	TRAV13-2	TRAJ21	CASSVWAGPNTEAFF	TRBV9	TRBJ1-1
airr_top	airr_top_757	rank15	CAASRTYKYIF	TRAV29/DV5	TRAJ40	CASSAVRERAAVNTEAFF	TRBV6-6	TRBJ1-1
airr_top	airr_top_758	rank15	CAVRSGGYQKVTF	TRAV20	TRAJ13	CASSLPPGTSGGAIRNEQFF	TRBV7-2	TRBJ2-1
airr_top	airr_top_759	rank15	CADSGGYNKLIF	TRAV5	TRAJ4	CASSFRSSSYEQYF	TRBV5-6	TRBJ2-7
airr_top	airr_top_760	rank15	CAVDRDDKIIF	TRAV39	TRAJ30	CASSPTSGGETQYF	TRBV7-2	TRBJ2-3
airr_top	airr_top_761	rank15	CAGGSSNTGKLIF	TRAV27	TRAJ37	CASSLGLHEQFF	TRBV12-4	TRBJ2-1
airr_top	airr_top_762	rank15	CAVVNDYKLSF	TRAV21	TRAJ20	CASSLASIRDEQFF	TRBV5-1	TRBJ2-1
airr_top	airr_top_763	rank15	CAVRQGGSEKLVF	TRAV21	TRAJ57	CASSQESPGLASTDTQYF	TRBV4-3	TRBJ2-3
airr_top	airr_top_764	rank15	CAASADPGTASKLTF	TRAV29/DV5	TRAJ44	CSARGSYNEQYF	TRBV20-1	TRBJ2-7
airr_top	airr_top_765	rank15	CAAGGSNYKLTF	TRAV13-1	TRAJ53	CAIRTGQHNEQFF	TRBV10-3	TRBJ2-1
airr_top	airr_top_766	rank15	CAASSGGGADGLTF	TRAV13-1	TRAJ45	CASSPRAGGGTEAFF	TRBV12-4	TRBJ1-1
airr_top	airr_top_767	rank15	CAVKGNSGNTPLVF	TRAV21	TRAJ29	CASTLRQGSTDTQYF	TRBV28	TRBJ2-3
airr_top	airr_top_768	rank15	CAVKVAGGSYIPTF	TRAV21	TRAJ6	CAISEDTAYEQYF	TRBV10-3	TRBJ2-7
airr_top	airr_top_769	rank15	CYEASHSVNTGTASKLTF	TRAV31	TRAJ44	CASSFPGQTAYEQYF	TRBV5-6	TRBJ2-7
airr_top	airr_top_770	rank15	CGDRTDSWGKLQF	TRAV10	TRAJ24	CASSLQAGANEQFF	TRBV7-2	TRBJ2-1
airr_top	airr_top_771	rank15	CAENGSSNTGKLIF	TRAV13-2	TRAJ37	CASSVGQGYGYTF	TRBV7-2	TRBJ1-2
airr_top	airr_top_772	rank15	CAGFRAAGNKLTF	TRAV25	TRAJ17	CSASPGAPDTQYF	TRBV20-1	TRBJ2-3
airr_top	airr_top_773	rank15	CAASSMEYGNKLVF	TRAV13-1	TRAJ47	CASSLQGSTDTQYF	TRBV7-2	TRBJ2-3
airr_top	airr_top_774	rank15	CAYRSAMIYQLIW	TRAV38-2/DV8	TRAJ33	CASSSGTGIYNEQFF	TRBV7-9	TRBJ2-1
airr_top	airr_top_775	rank15	CAASYGGSQGNLIF	TRAV13-1	TRAJ42	CASSVGAGWLAKNIQYF	TRBV13	TRBJ2-4
airr_top	airr_top_776	rank15	CALYTGNQFYF	TRAV24	TRAJ49	CASSPRLAGGPYEQYF	TRBV12-4	TRBJ2-7
airr_top	airr_top_777	rank15	CAVDEDSNYQLIW	TRAV39	TRAJ33	CASSKSQDEQYF	TRBV21-1	TRBJ2-7
airr_top	airr_top_778	rank15	CALFGNEKLTF	TRAV38-2/DV8	TRAJ48	CASGIPELAGGSNEQFF	TRBV28	TRBJ2-1
airr_top	airr_top_779	rank15	CAASPNTGNQFYF	TRAV29/DV5	TRAJ49	CASSLATGKGFGEYF	TRBV7-9	TRBJ2-7
airr_top	airr_top_780	rank15	CAAALQGAQKLVF	TRAV29/DV5	TRAJ54	CASSLGGYEQYF	TRBV7-9	TRBJ2-7
airr_top	airr_top_781	rank15	CAGQTGTASKLTF	TRAV35	TRAJ44	CAISEWIYNEQYF	TRBV10-3	TRBJ2-7
airr_top	airr_top_782	rank15	CAYRSASGASGTYKYIF	TRAV38-2/DV8	TRAJ40	CSARDIPGYTF	TRBV20-1	TRBJ1-2
airr_top	airr_top_783	rank15	CAAYTGGFKTIF	TRAV13-1	TRAJ9	CASSQVGTGVYEQYF	TRBV3-1	TRBJ2-7
airr_top	airr_top_784	rank15	CAYRTNFGNEKLTF	TRAV38-2/DV8	TRAJ48	CAIRTGTDNEQFF	TRBV10-3	TRBJ2-1
airr_top	airr_top_785	rank15	CARSYNQGGKLIF	TRAV14/DV4	TRAJ23	CASSSTSGRRQTQYF	TRBV11-2	TRBJ2-5
airr_top	airr_top_786	rank15	CAGRPGANNLFF	TRAV13-2	TRAJ36	CAWSVLSGGDGDIQYF	TRBV30	TRBJ2-4
airr_top	airr_top_787	rank15	CAMSGNTGGFKTIF	TRAV12-3	TRAJ9	CASSLVTDTQYF	TRBV7-8	TRBJ2-3
airr_top	airr_top_788	rank15	CAAGGLNFGNEKLTF	TRAV13-1	TRAJ48	CASSFEQGNSWTQYF	TRBV12-4	TRBJ2-5
airr_top	airr_top_789	rank15	CILRDVLENQGGKLIF	TRAV26-2	TRAJ23	CASSRYTGRGTQYF	TRBV6-5	TRBJ2-3
airr_top	airr_top_790	rank15	CAVSGYSTLTF	TRAV21	TRAJ11	CASRAELYEQYF	TRBV2	TRBJ2-7
airr_top	airr_top_791	rank15	CAADNYGQNFVF	TRAV21	TRAJ26	CASSYSREPSYNEQYF	TRBV6-3	TRBJ2-7
airr_top	airr_top_792	rank15	CAAYPGVNTGFQKLVF	TRAV12-2	TRAJ8	CASSLAGLPSGRTEAFF	TRBV13	TRBJ1-1
airr_top	airr_top_793	rank15	CAENILPGGTGANNLFF	TRAV13-2	TRAJ36	CSDGDTQYF	TRBV20-1	TRBJ2-3
airr_top	airr_top_794	rank15	CALSSGGYNKLIF	TRAV19	TRAJ4	CASSSGLGPYNEQFF	TRBV5-1	TRBJ2-1
airr_top	airr_top_795	rank15	CILRDVSSGGYQKVTF	TRAV26-2	TRAJ13	CSVQGGGDTYEQYF	TRBV20-1	TRBJ2-7
airr_top	airr_top_796	rank15	CLVGDSTGGGNKLTF	TRAV4	TRAJ10	CSVVLNTEAFF	TRBV29-1	TRBJ1-1
airr_top	airr_top_797	rank15	CLVGEEAAGNKLTF	TRAV4	TRAJ17	CASRGDRVYGYTF	TRBV6-6	TRBJ1-2
airr_top	airr_top_798	rank15	CLVGDRGSTLGRLYF	TRAV4	TRAJ18	CATSTGDSNQPQHF	TRBV10-3	TRBJ1-5
airr_top	airr_top_799	rank15	CAENENSGYSTLTF	TRAV13-2	TRAJ11	CASSQDLAGGLNYEQYF	TRBV4-2	TRBJ2-7
airr_top	airr_top_800	rank16	CAYRSAGNQFYF	TRAV38-2/DV8	TRAJ49	CSARVPGLAGGTVSTDTQYF	TRBV20-1	TRBJ2-3
airr_top	airr_top_801	rank16	CAASGSGGSNYKLTF	TRAV29/DV5	TRAJ53	CASSLGWGTPNYGYTF	TRBV7-9	TRBJ1-2
airr_top	airr_top_802	rank16	CAASGTSGTYKYIF	TRAV29/DV5	TRAJ40	CASSLGTAYGYTF	TRBV12-4	TRBJ1-2
airr_top	airr_top_803	rank16	CAGVNNARLMF	TRAV35	TRAJ31	CASSFGETQYF	TRBV12-4	TRBJ2-5
airr_top	airr_top_804	rank16	CATPPANTGFQKLVF	TRAV17	TRAJ8	CASSYSVDRGRQETQYF	TRBV6-3	TRBJ2-5
airr_top	airr_top_805	rank16	CAAMEYGNKLVF	TRAV21	TRAJ47	CSASPGGGEQYF	TRBV20-1	TRBJ2-7
airr_top	airr_top_806	rank16	CAVRDRAHGQKLLF	TRAV1-2	TRAJ16	CASSRILSYEQYF	TRBV6-5	TRBJ2-7
airr_top	airr_top_807	rank16	CAVQGAQKLVF	TRAV20	TRAJ54	CASSLTGDSFTYEQYF	TRBV27	TRBJ2-7
airr_top	airr_top_808	rank16	CATDAKARLMF	TRAV17	TRAJ31	CACGGGARTEAFF	TRBV10-2	TRBJ1-1
airr_top	airr_top_809	rank16	CALRGIYNFNKFYF	TRAV24	TRAJ21	CASSLDRSYEQYF	TRBV11-2	TRBJ2-7
airr_top	airr_top_810	rank16	CALKAAGNKLTF	TRAV9-2	TRAJ17	CASSQEDAGGEDTQYF	TRBV4-1	TRBJ2-3
airr_top	airr_top_811	rank16	CAASIGFGNVLHC	TRAV13-1	TRAJ35	CASSDGGIDEQYF	TRBV2	TRBJ2-7
airr_top	airr_top_812	rank16	CAADRGSTLGRLYF	TRAV13-1	TRAJ18	CASSRTGNEQYF	TRBV27	TRBJ2-7
airr_top	airr_top_813	rank16	CVIMDSSYKLIF	TRAV12-1	TRAJ12	CASSLVAGGWNGYTF	TRBV5-5	TRBJ1-2
airr_top	airr_top_814	rank16	CAYRSAQGAQKLVF	TRAV38-2/DV8	TRAJ54	CASSLGDTQYF	TRBV11-2	TRBJ2-3
airr_top	airr_top_815	rank16	CAALTGGGNKLTF	TRAV13-1	TRAJ10	CASSQEEAQGGADTQYF	TRBV4-2	TRBJ2-3
airr_top	airr_top_816	rank16	CAAINRDDKIIF	TRAV13-1	TRAJ30	CSAQGGGVDTEAFF	TRBV20-1	TRBJ1-1
airr_top	airr_top_817	rank16	CAGNTGNQFYF	TRAV25	TRAJ49	CASSQDTAVVSYNEQFF	TRBV4-3	TRBJ2-1
airr_top	airr_top_818	rank16	CAESTSRGKLIF	TRAV5	TRAJ23	CASSYSGGDEQYF	TRBV6-5	TRBJ2-7
airr_top	airr_top_819	rank16	CAASMDSNYQLIW	TRAV13-1	TRAJ33	CASSPRGGTPSTDTQYF	TRBV9	TRBJ2-3
airr_top	airr_top_820	rank16	CAGTSGTYKYIF	TRAV27	TRAJ40	CASSQRDNEQFF	TRBV4-2	TRBJ2-1
airr_top	airr_top_821	rank16	CAVRGETSGSRLTF	TRAV21	TRAJ58	CSARDGDRGPTYEQYF	TRBV20-1	TRBJ2-7
airr_top	airr_top_822	rank16	CAGNTGGFKTIF	TRAV27	TRAJ9	CASSALREDDDNEQFF	TRBV6-1	TRBJ2-1
airr_top	airr_top_823	rank16	CAYRISGGSNYKLTF	TRAV38-2/DV8	TRAJ53	CASSQDGGGESYNEQFF	TRBV4-3	TRBJ2-1
airr_top	airr_top_824	rank16	CALSNDYKLSF	TRAV9-2	TRAJ20	CASSSYNEQFF	TRBV12-4	TRBJ2-1
airr_top	airr_top_825	rank16	CALLSGGYNKLIF	TRAV21	TRAJ4	CSAPSGLGYTF	TRBV29-1	TRBJ1-2
airr_top	airr_top_826	rank16	CAVNVGDSNYQLIW	TRAV21	TRAJ33	CASSVGTGDFGYTF	TRBV9	TRBJ1-2
airr_top	airr_top_827	rank16	CALSGGYQKVTF	TRAV9-2	TRAJ13	CASSRLAGGTDTQYF	TRBV7-3	TRBJ2-3
airr_top	airr_top_828	rank16	CAMSTGYSTLTF	TRAV12-3	TRAJ11	CASSERSAAEQPQHF	TRBV25-1	TRBJ1-5
airr_top	airr_top_829	rank16	CAGSDVGGYQKVTF	TRAV27	TRAJ13	CASSFPGTSGSSSYEQYF	TRBV25-1	TRBJ2-7
airr_top	airr_top_830	rank16	CAGQLVVGAAGNKLTF	TRAV35	TRAJ17	CASSLISRLSTDTQYF	TRBV12-4	TRBJ2-3
airr_top	airr_top_831	rank16	CAVRGYGQNFVF	TRAV21	TRAJ26	CASSLSYEQYF	TRBV7-2	TRBJ2-7
airr_top	airr_top_832	rank16	CALSAFSDGQKLLF	TRAV19	TRAJ16	CSVQTGFSETQYF	TRBV29-1	TRBJ2-5
airr_top	airr_top_833	rank16	CAARYNFNKFYF	TRAV13-1	TRAJ21	CASSQVGGPTDTQYF	TRBV14	TRBJ2-3
airr_top	airr_top_834	rank16	CALSSGGSNYKLTF	TRAV9-2	TRAJ53	CASSQDRWDYLYNEQFF	TRBV4-2	TRBJ2-1
airr_top	airr_top_835	rank16	CAENPGGYNKLIF	TRAV5	TRAJ4	CASAQGAYEQYF	TRBV25-1	TRBJ2-7
airr_top	airr_top_836	rank16	CAASSNTGKLIF	TRAV13-1	TRAJ37	CASTSDRGYEQYF	TRBV6-5	TRBJ2-7
airr_top	airr_top_837	rank16	CAYRSTGNQFYF	TRAV38-2/DV8	TRAJ49	CASSRGLADLLRETQYF	TRBV12-4	TRBJ2-5
airr_top	airr_top_838	rank16	CAASILSGTYKYIF	TRAV13-1	TRAJ40	CASSGHRLDISKNIQYF	TRBV7-9	TRBJ2-4
airr_top	airr_top_839	rank16	CASNFGNEKLTF	TRAV38-1	TRAJ48	CASSLERTYEQYF	TRBV7-8	TRBJ2-7
airr_top	airr_top_840	rank16	CAGDNYGQNFVF	TRAV25	TRAJ26	CASSLSQGPPYEQYF	TRBV27	TRBJ2-7
airr_top	airr_top_841	rank16	CAVPSGSARQLTF	TRAV21	TRAJ22	CASSVGGLASTDTQYF	TRBV9	TRBJ2-3
airr_top	airr_top_842	rank16	CAGNNAGNMLTF	TRAV25	TRAJ39	CASSFRTVGAYNEQFF	TRBV7-8	TRBJ2-1
airr_top	airr_top_843	rank16	CAVISGNYQLIW	TRAV1-2	TRAJ33	CASSQQGTSYGYTF	TRBV11-2	TRBJ1-2
airr_top	airr_top_844	rank16	CAAYSGGGADGLTF	TRAV29/DV5	TRAJ45	CASTRTSADNEQFF	TRBV12-4	TRBJ2-1
airr_top	airr_top_845	rank16	CAVIQGAQKLVF	TRAV21	TRAJ54	CATSRYSGEEQYF	TRBV15	TRBJ2-7
airr_top	airr_top_846	rank16	CAASNAGGTSYGKLTF	TRAV13-1	TRAJ52	CASSHEDNEQFF	TRBV27	TRBJ2-1
airr_top	airr_top_847	rank16	CATDIIQGAQKLVF	TRAV17	TRAJ54	CASSVSGSNQPQHF	TRBV2	TRBJ1-5
airr_top	airr_top_848	rank16	CAACPYNFNKFYF	TRAV13-1	TRAJ21	CASSVEGGYEQYF	TRBV9	TRBJ2-7
airr_top	airr_top_849	rank16	CAANSGYSTLTF	TRAV12-3	TRAJ11	CAISHGTGDGYTF	TRBV10-3	TRBJ1-2
airr_top	airr_top_850	rank17	CAVQADDGQKLLF	TRAV20	TRAJ16	CSVQRGGTDTQYF	TRBV29-1	TRBJ2-3
airr_top	airr_top_851	rank17	CAVANQAGTALIF	TRAV21	TRAJ15	CSARDQESGGAYQETQYF	TRBV20-1	TRBJ2-5
airr_top	airr_top_852	rank17	CILSREAGSYQLTF	TRAV26-2	TRAJ28	CASSDGTDATNEKLFF	TRBV7-9	TRBJ1-4
airr_top	airr_top_853	rank17	CAASGYSTLTF	TRAV21	TRAJ11	CASSYHDREGASSPLHF	TRBV7-9	TRBJ1-6
airr_top	airr_top_854	rank17	CAVRGGSYIPTF	TRAV1-2	TRAJ6	CSAEPLWAEGTDTQYF	TRBV20-1	TRBJ2-3
airr_top	airr_top_855	rank17	CAGFSIGTSNTGKLIF	TRAV25	TRAJ37	CASSYSGDGGYTF	TRBV6-5	TRBJ1-2
airr_top	airr_top_856	rank17	CAYRSHNYNNARLMF	TRAV38-2/DV8	TRAJ31	CASSSTSALREAFF	TRBV5-4	TRBJ1-1
airr_top	airr_top_857	rank17	CAADTGRRALTF	TRAV13-1	TRAJ5	CASSAAGVNYEQYF	TRBV7-9	TRBJ2-7
airr_top	airr_top_858	rank17	CVVTPLNYGGSQGNLIF	TRAV10	TRAJ42	CASSLGRYEQYF	TRBV5-1	TRBJ2-7
airr_top	airr_top_859	rank17	CAERTGGYQKVTF	TRAV13-2	TRAJ13	CASSQGDLTSYNEQFF	TRBV4-3	TRBJ2-1
airr_top	airr_top_860	rank17	CALSSGSARQLTF	TRAV9-2	TRAJ22	CSALTFYNEQFF	TRBV20-1	TRBJ2-1
airr_top	airr_top_861	rank17	CAYRSAGGSEKLVF	TRAV38-2/DV8	TRAJ57	CASSPIQGTGANVLTF	TRBV4-3	TRBJ2-6
airr_top	airr_top_862	rank17	CAAKGDRGSQGNLIF	TRAV13-1	TRAJ42	CASSQERDDTGGDTQYF	TRBV4-3	TRBJ2-3
airr_top	airr_top_863	rank17	CAFMKHGGTYKYIF	TRAV38-1	TRAJ40	CASIPPSDRKETQYF	TRBV7-9	TRBJ2-5
airr_top	airr_top_864	rank17	CALDTGGFKTIF	TRAV6	TRAJ9	CSGGLGKETQYF	TRBV29-1	TRBJ2-5
airr_top	airr_top_865	rank17	CAASDSGTYKYIF	TRAV29/DV5	TRAJ40	CASSLSGFGAEAFF	TRBV5-1	TRBJ1-1
airr_top	airr_top_866	rank17	CALDRGSTLGRLYF	TRAV6	TRAJ18	CASSQDWDSSANEKLFF	TRBV4-3	TRBJ1-4
airr_top	airr_top_867	rank17	CVVNIGRRFAGNNRKLIW	TRAV12-1	TRAJ38	CASSSTTGTSYEQYF	TRBV7-9	TRBJ2-7
airr_top	airr_top_868	rank17	CAAQTGANNLFF	TRAV21	TRAJ36	CASSDSGQGYEQYF	TRBV10-2	TRBJ2-7
airr_top	airr_top_869	rank17	CAYITGTASKLTF	TRAV38-2/DV8	TRAJ44	CASSPEGNEQFF	TRBV6-5	TRBJ2-1
airr_top	airr_top_870	rank17	CAYRNRDDKIIF	TRAV38-2/DV8	TRAJ30	CASSQPTGGASETQYF	TRBV3-1	TRBJ2-5
airr_top	airr_top_871	rank17	CAVFSGSARQLTF	TRAV21	TRAJ22	CASSDFPYEQYF	TRBV10-2	TRBJ2-7
airr_top	airr_top_872	rank17	CALSVTVFQKLVF	TRAV9-2	TRAJ8	CSVEGDGRSYEQYF	TRBV29-1	TRBJ2-7
airr_top	airr_top_873	rank17	CAASIPAGGYNKLIF	TRAV13-1	TRAJ4	CASSQGRYEQYF	TRBV5-5	TRBJ2-7
airr_top	airr_top_874	rank17	CAYSVYGNKLVF	TRAV38-2/DV8	TRAJ47	CASSVTGKLGNEQYF	TRBV9	TRBJ2-7
airr_top	airr_top_875	rank17	CALSRNQAGTALIF	TRAV9-2	TRAJ15	CSARVKRAGGYSTDTQYF	TRBV20-1	TRBJ2-3
airr_top	airr_top_876	rank17	CAPIVPPQKLVF	TRAV38-2/DV8	TRAJ54	CASSLLAGGYEQYF	TRBV12-4	TRBJ2-7
airr_top	airr_top_877	rank17	CAYRSAYDNNNDMRF	TRAV38-2/DV8	TRAJ43	CASSPGTSGIPTQETQYF	TRBV27	TRBJ2-5
airr_top	airr_top_878	rank17	CAASMNTGFQKLVF	TRAV13-1	TRAJ8	CASSFSSTDTQYF	TRBV27	TRBJ2-3
airr_top	airr_top_879	rank17	CAANTNAGKSTF	TRAV29/DV5	TRAJ27	CASSYSRGGGNEQFF	TRBV6-5	TRBJ2-1
airr_top	airr_top_880	rank17	CAASATGNQFYF	TRAV29/DV5	TRAJ49	CASSEGGGAANTGELFF	TRBV2	TRBJ2-2
airr_top	airr_top_881	rank17	CASDSGGADGLTF	TRAV38-2/DV8	TRAJ45	CSARVGEGNTEAFF	TRBV20-1	TRBJ1-1
airr_top	airr_top_882	rank17	CALILTGGGNKLTF	TRAV9-2	TRAJ10	CASSEFGTRYGYTF	TRBV25-1	TRBJ1-2
airr_top	airr_top_883	rank17	CAGSNDYKLSF	TRAV23/DV6	TRAJ20	CSVGTGGTNEKLFF	TRBV29-1	TRBJ1-4
airr_top	airr_top_884	rank17	CAGNTNAGKSTF	TRAV35	TRAJ27	CASSPPRPETQYF	TRBV18	TRBJ2-5
airr_top	airr_top_885	rank17	CAYRSSLRGGADGLTF	TRAV38-2/DV8	TRAJ45	CASSLWSNQPQHF	TRBV27	TRBJ1-5
airr_top	airr_top_886	rank17	CALSAGGTSYGKLTF	TRAV9-2	TRAJ52	CASTIDSTLDEAFF	TRBV5-6	TRBJ1-1
airr_top	airr_top_887	rank17	CVVNARLMF	TRAV12-1	TRAJ31	CASSFGLAYLGNEQYF	TRBV5-1	TRBJ2-7
airr_top	airr_top_888	rank17	CAYRGSGGSNYKLTF	TRAV38-2/DV8	TRAJ53	CASSLTSATNYGYTF	TRBV7-2	TRBJ1-2
airr_top	airr_top_889	rank17	CAVEAAGNKLTF	TRAV1-2	TRAJ17	CASSLSEEHDYEQYF	TRBV5-6	TRBJ2-7
airr_top	airr_top_890	rank17	CAASGGATNKLIF	TRAV13-1	TRAJ32	CASSLEPPSGGRTDTQYF	TRBV5-1	TRBJ2-3
airr_top	airr_top_891	rank17	CAVQAKNQGGKLIF	TRAV20	TRAJ23	CASSSGTPHGYTF	TRBV12-4	TRBJ1-2
airr_top	airr_top_892	rank17	CAVRDRDNARLMF	TRAV1-1	TRAJ31	CASSLLDRATDTQYF	TRBV12-4	TRBJ2-3
airr_top	airr_top_893	rank17	CAASQPGGYQKVTF	TRAV29/DV5	TRAJ13	CATSDLANDDTQYF	TRBV24-1	TRBJ2-3
airr_top	airr_top_894	rank17	CAVGNQAGTALIF	TRAV21	TRAJ15	CASSLSVSSYNEQFF	TRBV27	TRBJ2-1
airr_top	airr_top_895	rank17	CATLGNSGGSNYKLTF	TRAV17	TRAJ53	CASSQSRQETQYF	TRBV4-3	TRBJ2-5
airr_top	airr_top_896	rank17	CAVSGGYNKLIF	TRAV2	TRAJ4	CSARPFWSGSYEQYF	TRBV20-1	TRBJ2-7
airr_top	airr_top_897	rank17	CAVRNQAGTALIF	TRAV21	TRAJ15	CASSSGLNEQFF	TRBV7-9	TRBJ2-1
airr_top	airr_top_898	rank17	CAVSRNTGGFKTIF	TRAV1-1	TRAJ9	CASSLGTSWMADTQYF	TRBV13	TRBJ2-3
airr_top	airr_top_899	rank17	CAGTQGGSEKLVF	TRAV27	TRAJ57	CAISGIRQGSTDEQYF	TRBV10-3	TRBJ2-7
airr_top	airr_top_900	rank18	CAVSGAGSYQLTF	TRAV21	TRAJ28	CASSLGQRTDYEQYF	TRBV13	TRBJ2-7
airr_top	airr_top_901	rank18	CAVLNTGGFKTIF	TRAV21	TRAJ9	CASSRDREFYEQYF	TRBV5-1	TRBJ2-7
airr_top	airr_top_902	rank18	CAFDSTLTF	TRAV38-1	TRAJ11	CASSLDQGQSPLHF	TRBV7-8	TRBJ1-6
airr_top	airr_top_903	rank18	CAVRDILTGGGNKLTF	TRAV1-1	TRAJ10	CASSPRVGAGGELFF	TRBV3-1	TRBJ2-2
airr_top	airr_top_904	rank18	CAPMDSSYKLIF	TRAV1-2	TRAJ12	CATLGDYHETQYF	TRBV6-1	TRBJ2-5
airr_top	airr_top_905	rank18	CAVYGGSQGNLIF	TRAV20	TRAJ42	CSVTENEQYF	TRBV29-1	TRBJ2-7
airr_top	airr_top_906	rank18	CAVSPWKSGNEKLTF	TRAV21	TRAJ48	CASSLDGKGYTF	TRBV5-1	TRBJ1-2
airr_top	airr_top_907	rank18	CAASNSGGSNYKLTF	TRAV13-1	TRAJ53	CSARGQTSGANVLTF	TRBV20-1	TRBJ2-6
airr_top	airr_top_908	rank18	CAGGGADGLTF	TRAV27	TRAJ45	CASSYQGISEAFF	TRBV6-5	TRBJ1-1
airr_top	airr_top_909	rank18	CAEKKVGTYKYIF	TRAV13-2	TRAJ40	CRGGGVSTDTQYF	TRBV20-1	TRBJ2-3
airr_top	airr_top_910	rank18	CALTGANSKLTF	TRAV19	TRAJ56	CASSNQYQETQYF	TRBV5-6	TRBJ2-5
airr_top	airr_top_911	rank18	CAAGSSNTGKLIF	TRAV21	TRAJ37	CSVRGGQETQYF	TRBV29-1	TRBJ2-5
airr_top	airr_top_912	rank18	CLVGDTFAGGFKTIF	TRAV4	TRAJ9	CASSLVGGAASGDSETQYF	TRBV11-3	TRBJ2-5
airr_top	airr_top_913	rank18	CALSDTGGFKTIF	TRAV9-2	TRAJ9	CASSLWGYNEQFF	TRBV5-1	TRBJ2-1
airr_top	airr_top_914	rank18	CAENRMIKAAGNKLTF	TRAV13-2	TRAJ17	CASSLAPGATNEKLFF	TRBV7-6	TRBJ1-4
airr_top	airr_top_915	rank18	CAENSGGYQKVTF	TRAV13-2	TRAJ13	CSASRDPGRTDTQYF	TRBV20-1	TRBJ2-3
airr_top	airr_top_916	rank18	CAERPNTDKLIF	TRAV5	TRAJ34	CASSYQDRGGDEQFF	TRBV5-6	TRBJ2-1
airr_top	airr_top_917	rank18	CAASPLGGSQGNLIF	TRAV29/DV5	TRAJ42	CASSQDWASPQETQYF	TRBV4-3	TRBJ2-5
airr_top	airr_top_918	rank18	CAASPTGNQFYF	TRAV13-1	TRAJ49	CASSQSWDRSTDTQYF	TRBV25-1	TRBJ2-3
airr_top	airr_top_919	rank18	CAASFGTDKLIF	TRAV23/DV6	TRAJ34	CASSQVSGGSSASYEQYF	TRBV3-1	TRBJ2-7
airr_top	airr_top_920	rank18	CAGPNTGNQFYF	TRAV35	TRAJ49	CASSPQRNTEAFF	TRBV4-3	TRBJ1-1
airr_top	airr_top_921	rank18	CAHFGNEKLTF	TRAV13-2	TRAJ48	CASLTSGRPPETTDEQFF	TRBV10-2	TRBJ2-1
airr_top	airr_top_922	rank18	CATDQAGTALIF	TRAV17	TRAJ15	CASSFGQGDYTF	TRBV7-9	TRBJ1-2
airr_top	airr_top_923	rank18	CVVSLLNDYKLSF	TRAV10	TRAJ20	CASSQKGDRTQYF	TRBV3-1	TRBJ2-3
airr_top	airr_top_924	rank18	CAVDQTGANNLFF	TRAV21	TRAJ36	CASSASSGGVYEQYF	TRBV9	TRBJ2-7
airr_top	airr_top_925	rank18	CAAKSGGSYIPTF	TRAV1-2	TRAJ6	CASSQSGSSGANVLTF	TRBV4-3	TRBJ2-6
airr_top	airr_top_926	rank18	CAASDSWGKLQF	TRAV13-1	TRAJ24	CASSYLGGLRNEQYF	TRBV7-2	TRBJ2-7
airr_top	airr_top_927	rank18	CATDGSSNTGKLIF	TRAV17	TRAJ37	CSVEVGGEQFF	TRBV29-1	TRBJ2-1
airr_top	airr_top_928	rank18	CAASPNDYKLSF	TRAV23/DV6	TRAJ20	CASSIALPYEQYF	TRBV12-4	TRBJ2-7
airr_top	airr_top_929	rank18	CAVLIQGAQKLVF	TRAV41	TRAJ54	CASSYYPPPSEKLFF	TRBV6-5	TRBJ1-4
airr_top	airr_top_930	rank18	CATDGETSGSRLTF	TRAV17	TRAJ58	CSAMYRRGLYNEQFF	TRBV20-1	TRBJ2-1
airr_top	airr_top_931	rank18	CAVPALMIGFGNVLHC	TRAV20	TRAJ35	CASSPEDSPRETQYF	TRBV4-1	TRBJ2-5
airr_top	airr_top_932	rank18	CAVGRSGGGADGLTF	TRAV21	TRAJ45	CSALGLAERYNEQFF	TRBV20-1	TRBJ2-1
airr_top	airr_top_933	rank18	CAEVLNFGNEKLTF	TRAV13-2	TRAJ48	CASSGTSGEETQYF	TRBV9	TRBJ2-5
airr_top	airr_top_934	rank18	CAALSGSARQLTF	TRAV13-1	TRAJ22	CASSLAPVWGQFF	TRBV7-8	TRBJ2-1
airr_top	airr_top_935	rank18	CADLNTGNQFYF	TRAV27	TRAJ49	CASSLIGDEQYF	TRBV27	TRBJ2-7
airr_top	airr_top_936	rank18	CAASAGTYKYIF	TRAV29/DV5	TRAJ40	CASSPPSASYEQYF	TRBV18	TRBJ2-7
airr_top	airr_top_937	rank18	CASNTGFQKLVF	TRAV12-3	TRAJ8	CASSLAYEQYF	TRBV7-2	TRBJ2-7
airr_top	airr_top_938	rank18	CAYSGIMDSNYQLIW	TRAV38-2/DV8	TRAJ33	CASSQDLGFVSYEQYF	TRBV4-3	TRBJ2-7
airr_top	airr_top_939	rank18	CALYNTDKLIF	TRAV9-2	TRAJ34	CSVDINYEQYF	TRBV29-1	TRBJ2-7
airr_top	airr_top_940	rank18	CAVSQGGSEKLVF	TRAV22	TRAJ57	CASSYQGHQPQHF	TRBV6-3	TRBJ1-5
airr_top	airr_top_941	rank18	CAVRDGQKLLF	TRAV1-2	TRAJ16	CASSVRDSSYNEQFF	TRBV9	TRBJ2-1
airr_top	airr_top_942	rank18	CAASYNNNDMRF	TRAV29/DV5	TRAJ43	CAISSGSTDTQYF	TRBV10-3	TRBJ2-3
airr_top	airr_top_943	rank18	CAPIYNQGGKLIF	TRAV17	TRAJ23	CASSRGRRSYNEQFF	TRBV5-1	TRBJ2-1
airr_top	airr_top_944	rank18	CAATGANNLFF	TRAV13-1	TRAJ36	CASSPDRGVHEQYF	TRBV7-3	TRBJ2-7
airr_top	airr_top_945	rank18	CAGARTGGFKTIF	TRAV27	TRAJ9	CASSLASGETQYF	TRBV7-2	TRBJ2-5
airr_top	airr_top_946	rank18	CAASRAAGNKLTF	TRAV13-1	TRAJ17	CASSDSGSYNEQFF	TRBV7-8	TRBJ2-1
airr_top	airr_top_947	rank18	CALSAAGTASKLTF	TRAV9-2	TRAJ44	CASSQDGGHPLADTQYF	TRBV3-1	TRBJ2-3
airr_top	airr_top_948	rank18	CATTPSGTYKYIF	TRAV38-2/DV8	TRAJ40	CASSARDTVRMDEQYF	TRBV9	TRBJ2-7
airr_top	airr_top_949	rank18	CALMDSSYKLIF	TRAV9-2	TRAJ12	CASSLTSGYEQYF	TRBV13	TRBJ2-7
airr_top	airr_top_950	rank19	CAGRNNNARLMF	TRAV35	TRAJ31	CASSYVAGGYEQYF	TRBV6-3	TRBJ2-7
airr_top	airr_top_951	rank19	CALYSSASKIIF	TRAV9-2	TRAJ3	CASRLTRDRVGSNQPQHF	TRBV12-4	TRBJ1-5
airr_top	airr_top_952	rank19	CAASKETSGSRLTF	TRAV23/DV6	TRAJ58	CASSRPMGLAGTNHEQYF	TRBV6-3	TRBJ2-7
airr_top	airr_top_953	rank19	CAATQGGSEKLVF	TRAV29/DV5	TRAJ57	CASSPQGQTYEQYF	TRBV5-1	TRBJ2-7
airr_top	airr_top_954	rank19	CAVGYGNNRLAF	TRAV21	TRAJ7	CASSQEGTGYSGELFF	TRBV4-1	TRBJ2-2
airr_top	airr_top_955	rank19	CAGSNTGNQFYF	TRAV27	TRAJ49	CASSPQGLDYGYTF	TRBV7-6	TRBJ1-2
airr_top	airr_top_956	rank19	CALTGNQFYF	TRAV9-2	TRAJ49	CAAHGDRPYEQYF	TRBV28	TRBJ2-7
airr_top	airr_top_957	rank19	CAPTTGKLIF	TRAV3	TRAJ37	CALGEFGRIYEQYF	TRBV16	TRBJ2-7
airr_top	airr_top_958	rank19	CAVRSWETSGSRLTF	TRAV20	TRAJ58	CASSSTTGRYNSPLHF	TRBV7-8	TRBJ1-6
airr_top	airr_top_959	rank19	CATAPNYGGSQGNLIF	TRAV17	TRAJ42	CASSFRRQNHNEQFF	TRBV13	TRBJ2-1
airr_top	airr_top_960	rank19	CAVWMDSSYKLIF	TRAV21	TRAJ12	CASSQSPGGTEQYF	TRBV3-1	TRBJ2-7
airr_top	airr_top_961	rank19	CAGVGAGGTSYGKLTF	TRAV27	TRAJ52	CSARDFRLGTGVFTDTQYF	TRBV20-1	TRBJ2-3
airr_top	airr_top_962	rank19	CALTNFGNEKLTF	TRAV38-2/DV8	TRAJ48	CAILGETQYF	TRBV10-3	TRBJ2-5
airr_top	airr_top_963	rank19	CAASNTGGFKTIF	TRAV13-1	TRAJ9	CASSQNRAPIYEQYF	TRBV4-3	TRBJ2-7
airr_top	airr_top_964	rank19	CAGVDSQGGKLIF	TRAV27	TRAJ23	CASSQGFFGYTF	TRBV16	TRBJ1-2
airr_top	airr_top_965	rank19	CAVEENFGNEKLTF	TRAV12-2	TRAJ48	CASSPGSRSGTDTQYF	TRBV6-3	TRBJ2-3
airr_top	airr_top_966	rank19	CLVGDINHSSASKIIF	TRAV4	TRAJ3	CAISEWIYNEQFF	TRBV10-3	TRBJ2-1
airr_top	airr_top_967	rank19	CAPSQGRRALTF	TRAV13-1	TRAJ5	CASSLESGGPLETQYF	TRBV13	TRBJ2-5
airr_top	airr_top_968	rank19	CALLTGGGNKLTF	TRAV16	TRAJ10	CASSFYRDGNNEQFF	TRBV5-1	TRBJ2-1
airr_top	airr_top_969	rank19	CAASRSGTSYDKVIF	TRAV13-1	TRAJ50	CASSRAGGLGDTQYF	TRBV12-4	TRBJ2-3
airr_top	airr_top_970	rank19	CAVPTSGTYKYIF	TRAV21	TRAJ40	CASSPEDWGWYTQYF	TRBV12-4	TRBJ2-3
airr_top	airr_top_971	rank19	CSPEGGRDDKIIF	TRAV1-1	TRAJ30	CASSDPLGGENEQFF	TRBV2	TRBJ2-1
airr_top	airr_top_972	rank19	CAGNFGNEKLTF	TRAV25	TRAJ48	CASSPNRHTDTQYF	TRBV14	TRBJ2-3
airr_top	airr_top_973	rank19	CAHPEAYSGAGSYQLTF	TRAV38-2/DV8	TRAJ28	CASSSDAGWAKNIQYF	TRBV5-1	TRBJ2-4
airr_top	airr_top_974	rank19	CAAIQGAQKLVF	TRAV13-1	TRAJ54	CASSSPLVGSMETQYF	TRBV6-3	TRBJ2-5
airr_top	airr_top_975	rank19	CAYSGGGADGLTF	TRAV38-2/DV8	TRAJ45	CASSLQGLPAETQYF	TRBV7-2	TRBJ2-5
airr_top	airr_top_976	rank19	CAPDYGGSQGNLIF	TRAV17	TRAJ42	CASSPKTSGTDTQYF	TRBV18	TRBJ2-3
airr_top	airr_top_977	rank19	CATYAAGNKLTF	TRAV29/DV5	TRAJ17	CASSFVDRAHGYTF	TRBV12-4	TRBJ1-2
airr_top	airr_top_978	rank19	CAAFSGGYNKLIF	TRAV13-1	TRAJ4	CASSTRGVGELFF	TRBV28	TRBJ2-2
airr_top	airr_top_979	rank19	CAVQASGGSYIPTF	TRAV20	TRAJ6	CATSRGQGEEKLFF	TRBV15	TRBJ1-4
airr_top	airr_top_980	rank19	CAFNNAGNMLTF	TRAV24	TRAJ39	CATGTGDGNQPQHF	TRBV10-3	TRBJ1-5
airr_top	airr_top_981	rank19	CARTEYGNKLVF	TRAV25	TRAJ47	CASSMLTGEDYEQYF	TRBV13	TRBJ2-7
airr_top	airr_top_982	rank19	CAYNAGGTSYGKLTF	TRAV38-2/DV8	TRAJ52	CASSLRTSGFYEQYF	TRBV27	TRBJ2-7
airr_top	airr_top_983	rank19	CAASIGGANNLFF	TRAV13-1	TRAJ36	CASSADYLNYGYTF	TRBV9	TRBJ1-2
airr_top	airr_top_984	rank19	CAVQAGGSYIPTF	TRAV20	TRAJ6	CASSSWSGYNEQFF	TRBV5-1	TRBJ2-1
airr_top	airr_top_985	rank19	CAENNNARLMF	TRAV13-2	TRAJ31	CASSLYSSTGGLGGYTF	TRBV7-2	TRBJ1-2
airr_top	airr_top_986	rank19	CALTDSWGKLQF	TRAV16	TRAJ24	CASSLQETQYF	TRBV7-9	TRBJ2-5
airr_top	airr_top_987	rank19	CAGSGGSNYKLTF	TRAV13-1	TRAJ53	CSVEDTGSADTQYF	TRBV29-1	TRBJ2-3
airr_top	airr_top_988	rank19	CAASGAGGTSYGKLTF	TRAV29/DV5	TRAJ52	CASSEIGGLAGGFREQFF	TRBV2	TRBJ2-1
airr_top	airr_top_989	rank19	CAVSASGGSYIPTF	TRAV21	TRAJ6	CAISEGGTLNEQFF	TRBV10-3	TRBJ2-1
airr_top	airr_top_990	rank19	CALNTDKLIF	TRAV17	TRAJ34	CASSPSRNTEAFF	TRBV4-3	TRBJ1-1
airr_top	airr_top_991	rank19	CALYDYKLSF	TRAV38-2/DV8	TRAJ20	CASSYRVGTDTQYF	TRBV4-1	TRBJ2-3
airr_top	airr_top_992	rank19	CAVEADNYGQNFVF	TRAV21	TRAJ26	CASSRVGFSYNEQYF	TRBV7-9	TRBJ2-7
airr_top	airr_top_993	rank19	CAMTTSGGYQKVTF	TRAV12-3	TRAJ13	CASSRTEGGLDEQFF	TRBV4-1	TRBJ2-1
airr_top	airr_top_994	rank19	CAASYNFNKFYF	TRAV21	TRAJ21	CAIARTSGTDTQYF	TRBV12-4	TRBJ2-3
airr_top	airr_top_995	rank19	CAVRDDYKLSF	TRAV21	TRAJ20	CASRAGDRDTDTQYF	TRBV12-4	TRBJ2-3
airr_top	airr_top_996	rank19	CAESPNTGGFKTIF	TRAV13-2	TRAJ9	CASSATSSYNSPLHF	TRBV12-4	TRBJ1-6
airr_top	airr_top_997	rank19	CADIDYGQNFVF	TRAV21	TRAJ26	CASSPSLTGLTYEQYF	TRBV4-1	TRBJ2-7
airr_top	airr_top_998	rank19	CAYPNYGGSQGNLIF	TRAV38-2/DV8	TRAJ42	CASGNKGQGNDEQFF	TRBV12-4	TRBJ2-1
airr_top	airr_top_999	rank19	CALRMDSSYKLIF	TRAV9-2	TRAJ12	CSATREGNTEAFF	TRBV20-1	TRBJ1-1
